author,text,emoji,emoji_name,temps,saison
Vincent,Sois bÃ©nie de lEternel excellent modÃ¨le Que la bontÃ© la santÃ© et la vie de lEternel ne sÃ©loigne jamais de toi,,,2022-03-02,1Ã¨re pÃ©riode
Vincent,Oui Parker beaucoup de choses doivent changer cette annÃ©e Absolument que ce nest pas normal de passer une annÃ©e sans rien produire,,,2022-03-02,1Ã¨re pÃ©riode
Vincent,LunitÃ© cest le dÃ©but de la Puissance,,,2022-03-02,1Ã¨re pÃ©riode
Vincent,Oui Parker moi aussi jai des visions et je suis partant,,,2022-03-02,1Ã¨re pÃ©riode
Vincent,Papa moi jai fait lanalyse des projets ou encore organisation de projets Donc pour Ã§a ne nous inquiÃ©tons pas,,,2022-03-02,1Ã¨re pÃ©riode
Vincent,ActivitÃ© permante ou courante ActivitÃ© non prÃ©vue ou alÃ©atoire,,,2022-03-02,1Ã¨re pÃ©riode
Parker,Une Femme bÃ©nie qui a donnÃ© toute sa Vie pour ces enfants Bien quElle ait connu la souffrance dÃ¨s son enfance durant sa jeunesse et sa Vie dadulte car Orpheline de naissance Son Dieu JÃ©susChrist cest souvenu dElle et Lui a offert une Vieillesse pleine dallÃ©gresse avec Ses Fils et Bellefilles et de nombreux Petits Enfants et ArriÃ¨res Petitsenfants Nous disons gloire Ã  ton Grand et Saint Nom Seigneur ğŸ·ğŸ‰ğŸŠğŸ¼ğŸ»ğŸ‘‘ğŸºğŸª•ğŸª—ğŸ¥°ğŸ˜ğŸ˜˜,,,2022-03-02,1Ã¨re pÃ©riode
Parker,Amen Ã‡a va grÃ¢ce Ã  Dieu,,,2022-03-02,1Ã¨re pÃ©riode
Parker,Amen,,,2022-03-02,1Ã¨re pÃ©riode
Parker,AllÃ©luia pour la sagesse et la comprÃ©hension,,,2022-03-02,1Ã¨re pÃ©riode
Parker,Amen Amen Amen,,,2022-03-02,1Ã¨re pÃ©riode
Parker,Gloire au Seigneur,,,2022-03-02,1Ã¨re pÃ©riode
Parker,Amen,,,2022-03-02,1Ã¨re pÃ©riode
Vincent,Parker envoie moi les documents ainsi je pourrai le faire Ã  LUOB,,,2022-03-11,1Ã¨re pÃ©riode
Vincent,Concernant les mÃ©dicaments de notre belle mÃ¨re,,,2022-03-11,1Ã¨re pÃ©riode
Vincent,OK je tire Ã§a demain,,,2022-03-11,1Ã¨re pÃ©riode
Vincent,Ã‡a Ã©galement,,,2022-03-11,1Ã¨re pÃ©riode
Denson,Les deux,,,2022-03-11,1Ã¨re pÃ©riode
Vincent,Amen bonne nuit Ã  vous aussi Dieu nous protÃ¨ge,,,2022-03-11,1Ã¨re pÃ©riode
Denson,Merci a toi de mÃªme,,,2022-03-11,1Ã¨re pÃ©riode
Vincent,ğŸ’ªğŸ‘,,,2022-03-11,1Ã¨re pÃ©riode
Parker,Amen,,,2022-03-11,1Ã¨re pÃ©riode
Parker,A vous Aussi,,,2022-03-11,1Ã¨re pÃ©riode
Vincent,ğŸ’ªğŸ‘ğŸ™ğŸ˜,,,2022-03-11,1Ã¨re pÃ©riode
Denson,Ok,,,2022-03-15,1Ã¨re pÃ©riode
Parker,Excellent ğŸ‘ğŸ’ªğŸ‘,,,2022-03-17,1Ã¨re pÃ©riode
Parker,MÃªme a f la chemise et pantalon,,,2022-03-22,1Ã¨re pÃ©riode
Parker,Veste a a ,,,2022-03-22,1Ã¨re pÃ©riode
Parker,ğŸ˜ŠğŸ¤—ğŸ¤—ğŸ¤­,,,2022-03-22,1Ã¨re pÃ©riode
Denson,Ok Park,,,2022-03-23,1Ã¨re pÃ©riode
Parker,Merci,,,2022-03-23,1Ã¨re pÃ©riode
Denson,Ok Park demain matin,,,2022-03-23,1Ã¨re pÃ©riode
Vincent,Bonsoir Waouh que Dieu soit louÃ©,,,2022-03-24,1Ã¨re pÃ©riode
Vincent,Les gars je voudrais vous dire que jai validÃ© ma spÃ©cialitÃ© et mon tronc commun de Master Maintenant on attend la rÃ©daction puis la soutenance pour finir avec le Master ,,,2022-03-24,1Ã¨re pÃ©riode
Vincent,Envoie encore dautres photos stp cest trop beau,,,2022-03-24,1Ã¨re pÃ©riode
Denson,FÃ‰LICITATIONS OOOOOH GLOIRE Ã€ DIEU ALLÃ‰LUIA,,,2022-03-24,1Ã¨re pÃ©riode
Denson,On doit retourner au restaurant pour aller fÃªter sağŸ˜ŠğŸ’ªğŸ™ğŸ‘Œ,,,2022-03-24,1Ã¨re pÃ©riode
Vincent,Amen nonnnn gloire Ã  Dieu Tout Puissant,,,2022-03-24,1Ã¨re pÃ©riode
Vincent,Oui pardon assure nous Denson Stp on va toucher Elbert,,,2022-03-24,1Ã¨re pÃ©riode
Denson,Oui oui il le faut,,,2022-03-24,1Ã¨re pÃ©riode
Parker,AllÃ©luia AllÃ©luia AllÃ©luiağŸ™ğŸ½ğŸºğŸ‘ğŸ½ğŸ‚ğŸ¥‚ğŸª—ğŸª•ğŸ‘‘ğŸŠğŸ·ğŸ‰ğŸ‘‘,,,2022-03-24,1Ã¨re pÃ©riode
Parker,Yes yes yes yesğŸ‘ğŸ½ğŸ‘ğŸ½ğŸ‘ğŸ½ğŸ‘ğŸ½ğŸ‘ğŸ½ğŸ‘ğŸ½ğŸ‘ğŸ½,,,2022-03-24,1Ã¨re pÃ©riode
Vincent,Denson stp ne dis Ã§a Ã  personne mÃªme pas Ã  Dylan stp Cest une recommandation qui me vient directement de maman Elle et MaJuju viennent de mappeler et elle ma rappelÃ© les Ã©vÃ©nements qui avaient prÃ©cÃ©dÃ©s laccident de Mister Parker Ã  cause de lÃ©cole,,,2022-03-24,1Ã¨re pÃ©riode
Denson,Trop cool,,,2022-03-24,1Ã¨re pÃ©riode
Denson,Ok sa marche,,,2022-03-24,1Ã¨re pÃ©riode
Parker,Bien notÃ©,,,2022-03-25,1Ã¨re pÃ©riode
Parker,Ok,,,2022-03-25,1Ã¨re pÃ©riode
Elbert,Gloire Ã  Dieu,,,2022-03-29,1Ã¨re pÃ©riode
Parker,Stp Veny Pourraistu menvoyer le lien de ton article publiÃ© a LARAD sur La Pyramide de Maslow en rapport au effets du covid sur lÃ©conomie Je suis entrain de faire un travail et je veux te citer en rÃ©fÃ©rences bibliographiques Cest urgentğŸ™ğŸ½ğŸ™ğŸ½ğŸ™ğŸ½,,,2022-03-29,1Ã¨re pÃ©riode
Denson,ğŸ˜‚ğŸ˜‚ğŸ˜‚,,,2022-03-31,1Ã¨re pÃ©riode
Denson,Sa ira,,,2022-03-31,1Ã¨re pÃ©riode
Parker,Soyez tous bÃ©nis en Christ JÃ©sus,,,2022-04-06,1Ã¨re pÃ©riode
Parker,Alors quoi de neuf Comment a Ã©tÃ© la journÃ©e Elber Ã§a va labÃ  a Socoba Fanfan vous ontils dejÃ  donnÃ© les sujet de thÃ¨se pour les MÃ©moires Aceda quoi de neuf comment va le boulot Et la Ligue de Rugby Et la famille en case,,,2022-04-06,1Ã¨re pÃ©riode
Parker,Ici tous vont bien Jai parlÃ© par la grÃ¢ce de Dieu avec tout le monde Mum Mme EKIRI Josephate NoÃ© PrÃ©cieuse Lydia mÃªme ZoÃ©,,,2022-04-06,1Ã¨re pÃ©riode
Autres,Alors cmt a Ã©tÃ© le culte ,,,2022-04-10,1Ã¨re pÃ©riode
Parker,Jimagine un voyage ce nest pas facile,,,2022-04-11,1Ã¨re pÃ©riode
Parker,Amen AllÃ©luia Je scelle tout cela au nom de JÃ©sus,,,2022-04-11,1Ã¨re pÃ©riode
Parker,Cest vraiment une trÃ¨s bonne chose cest la grÃ¢ce du Seigneur Amen Amen Amen,,,2022-04-11,1Ã¨re pÃ©riode
Autres,Amen,,,2022-04-11,1Ã¨re pÃ©riode
Autres,Notre Dieu est un Dieu Bon Merveilleux et trÃ¨s Puissant,,,2022-04-11,1Ã¨re pÃ©riode
Autres,Je vous ferai plus tard le tÃ©moignage du processus,,,2022-04-11,1Ã¨re pÃ©riode
Denson,Amen,,,2022-04-13,1Ã¨re pÃ©riode
Elbert,Ca ira,,,2022-04-25,1Ã¨re pÃ©riode
Denson,Amen,,,2022-04-25,1Ã¨re pÃ©riode
Denson,Une infection pulmonaire,,,2022-04-26,1Ã¨re pÃ©riode
Denson,Continuons Ã  prier y a Safy qui vient de me dire quil Ã  encore fait la fiÃ¨vre,,,2022-04-26,1Ã¨re pÃ©riode
Denson,Bonjour et amen,,,2022-04-27,1Ã¨re pÃ©riode
Elbert,Gloire Ã  Dieu,,,2022-04-27,1Ã¨re pÃ©riode
Vincent,Bonjour jespÃ¨re que tu vas bien Super on bÃ©nit Dieu pour sa CapacitÃ©,,,2022-04-27,1Ã¨re pÃ©riode
Denson,Dylan a eu h de moyenne,,,2022-05-02,1Ã¨re pÃ©riode
Elbert,Gloire Ã  Dieu,,,2022-05-03,1Ã¨re pÃ©riode
Vincent,Waouh,,,2022-05-03,1Ã¨re pÃ©riode
Vincent,Victoire gloire Ã  Dieu pour tout,,,2022-05-03,1Ã¨re pÃ©riode
Parker,ğŸ˜€,,,2022-05-04,1Ã¨re pÃ©riode
Denson,Amen bonjour Ã  tous,,,2022-05-04,1Ã¨re pÃ©riode
Parker,UNIVERSITY OF GLASGLOW FULLY FUNDED SCHOLARSHIPS IS OPEN If youâ€™re interested in studying and working in the SCOTLAND here comes a great chance for you Study and PAID Internship in Glasgow University Scotland THE PROGRAM COVERS Travel expense housing Accomodation Medical Facilities REQUIREMENTS Applicant must be years or above Can speak basic English Minimum of High School Graduate BENEFIT OF THE PROGRAM No agent fee Visa application assistance All nationalities can apply free course fee Paid Internship Students are urge to apply now before closing date APPLY HERE lyupzcomScotlandFullScholarship,,,2022-05-06,1Ã¨re pÃ©riode
Parker,cafiorgnewscentrelaunchcafifellowshipinvestingyoungcentralafricantalents,,,2022-05-22,1Ã¨re pÃ©riode
Parker,Elber Veny,,,2022-05-22,1Ã¨re pÃ©riode
Parker,Regardez cette opportunitÃ© surtout Fanfan,,,2022-05-22,1Ã¨re pÃ©riode
Denson,Ok daccord,,,2022-05-23,1Ã¨re pÃ©riode
Parker,Les gars svp cest ETOO NZOGO DENIS ou ETOO NZOGHO DENIS,,,2022-05-23,1Ã¨re pÃ©riode
Parker,Informezmoi svp cest urgent,,,2022-05-23,1Ã¨re pÃ©riode
Parker,Mais dans son acte de Naissance ya H,,,2022-05-24,1Ã¨re pÃ©riode
Vincent,Ah OK il prÃ©cisera,,,2022-05-24,1Ã¨re pÃ©riode
Elbert,ETOO NZOGHO Denis,,,2022-05-24,1Ã¨re pÃ©riode
Parker,ğŸ‘ğŸ½,,,2022-05-24,1Ã¨re pÃ©riode
Parker,,,,2022-05-28,1Ã¨re pÃ©riode
Parker,,,,2022-05-28,1Ã¨re pÃ©riode
Parker,,,,2022-05-28,1Ã¨re pÃ©riode
Parker,Bonjour Ã  Tous DÃ©jÃ  je rend grÃ¢ce au SEIGNEUR pour ce quIL fait Et pour notre proactivitÃ© Ã  TOUS En rapport Ã  lÃ©change dhier il est extrÃªmement crucial que sachions quil ne faut jamais se laisser distraire car il y a trop de choses Ã  faire Il faut que nous pausions les fondement de la richesse maintenant et dans maxi ans on sera multimilliardaires Et Ã§a ce nest en perdant du temps dans de petites choses Il faut avoir la culture du Royaume du CHRIST JÃ©sus nous a donner sa Richesse dans toutes les Dimensions Un peu de sommeil un peu de paresse et la pauvretÃ© et misÃ¨re sasseyent et prennent place dans notre maison qui est notre FAMILLE Donc sachons que si nous ne pensons sÃ©rieusement pas Ã  nous DÃ‰VELOPPER avec des objectifs clairs et prÃ©cis PERSONNE ne le fera pour nous Le SEIGENUR SAINTESPRIT est lÃ  pour nous ELBER ACEDA VENY MOI aider mais il faut que nous nous mettions Ã  travailler comme nous savons le faire depuis longtemps Ne dites pas je ne sais pas faire ceci ou cela mais comment puisje apprendre Ã  faire ceci ou cela cest pourquoi nous avons ce groupe pour partager les idÃ©es trouver des solutions innover et surmonter tout sur notre chemin par le moyen du souffle de NOTRE DIEU VIVANT Rien ne peut et ne devrait nous arrÃªter En effet on vient de trÃ¨s loin Rappelonsnous et ne loublions jamais Nous ne pouvons donc pas nous permettre de perdre du temps dans des futilitÃ©s sans tÃªte ni queues Une Grande Richesse est liÃ©e a Une Grande Vision La GRÃ‚CE ET LA BENEDICTION DE DIEU SONT SUR NOUS DIEU nous a dÃ©jÃ  tout donnÃ© il faut que lon se mette SERIEUSEMENT AU TRAVAIL AVEC DES AMBITIONS DEMEUSURÃ‰ES ET CLAIRES EN METTANT EN PLACE QUELQUE CHOSE DE CONCRÃŠT CHAQUE ANNÃ‰E JE VOUS AIME TOUS PLUS QUE TOUT QUE DIEU SOIT TOUJOURS NOTRE REFERNCE EN TOUT NE LOUBLIONS JAMAIS TOUT EST POSSIBLE A CELUI QUI CROIT NE LIMITONS PAS NOTRE DIEU MAIS METTONSLE Ã€ LEPREUVE IL SAIT AGIR SVP NE LIMITONS PAS DIEU AVEC DES PENSÃ‰ES FÃ‰BRILES SHALOM,,,2022-05-28,1Ã¨re pÃ©riode
Denson,Ok daccord,,,2022-05-29,1Ã¨re pÃ©riode
Denson,Bonjour Ã  tous paix et grÃ¢ce et bon culte dans la paix,,,2022-05-29,1Ã¨re pÃ©riode
Denson,Amen,,,2022-05-29,1Ã¨re pÃ©riode
Elbert,Bonsoir Gaspar dÃ©solÃ© retard je rentre Ã  peine,,,2022-05-30,1Ã¨re pÃ©riode
Elbert,Jai propositions Ã  te faire,,,2022-05-30,1Ã¨re pÃ©riode
Elbert,Ya terrain a igumiÃ©,,,2022-05-30,1Ã¨re pÃ©riode
Elbert,Jattends vos rÃ©actions,,,2022-05-30,1Ã¨re pÃ©riode
Vincent,Bonjour Ã  tous Merci beaucoup mister Elbert pout ta diligence Je sais que la famille lÃ  a beaucoup de terrain Ã  igoumier que le Saint Esprit nous a prendre le meilleur au meilleur prix et le mieux stratÃ©gique et le plus grand au nom de JÃ©sus Amen,,,2022-05-30,1Ã¨re pÃ©riode
Elbert,ğŸ˜‚ğŸ˜‚ğŸ˜‚ğŸ˜‚ Gros morceau au volant,,,2022-05-31,1Ã¨re pÃ©riode
Elbert,,,,2022-05-31,1Ã¨re pÃ©riode
Elbert,Jattends vos rÃ©actions,,,2022-05-31,1Ã¨re pÃ©riode
Denson,Cool,,,2022-06-01,1Ã¨re pÃ©riode
Elbert,Amen,,,2022-06-06,1Ã¨re pÃ©riode
Denson,Amen,,,2022-06-06,1Ã¨re pÃ©riode
Elbert,Bonsoir Gaspar dÃ©solÃ© retard je rentre Ã  peine,,,2022-06-06,1Ã¨re pÃ©riode
Elbert,Jai propositions Ã  te faire,,,2022-06-06,1Ã¨re pÃ©riode
Elbert,Ya terrain a igumiÃ©,,,2022-06-06,1Ã¨re pÃ©riode
Autres,Bjr les gars Bon rÃ©veil â°matinal et excellente journÃ©e en Christ JÃ©sus,,,2022-06-08,1Ã¨re pÃ©riode
Autres,Vous ne mavez pas donnÃ© vos retours sur les messages,,,2022-06-08,1Ã¨re pÃ©riode
Vincent,War Room Cest le titre du film,,,2022-06-16,1Ã¨re pÃ©riode
Autres,Exactement ğŸ™ğŸ½ğŸ‘ğŸ¾,,,2022-06-16,1Ã¨re pÃ©riode
Denson,Ok daccord merci,,,2022-06-18,1Ã¨re pÃ©riode
Denson,Ok daccord sa marche,,,2022-06-19,1Ã¨re pÃ©riode
Autres,Salut les gars,,,2022-06-22,1Ã¨re pÃ©riode
Denson,Salut Park comment vastu ,,,2022-06-22,1Ã¨re pÃ©riode
Vincent,Bonsoir mister Parker,,,2022-06-22,1Ã¨re pÃ©riode
Vincent,Bonsoir Denis,,,2022-06-22,1Ã¨re pÃ©riode
Vincent,Le BIGI des Bigis,,,2022-06-22,1Ã¨re pÃ©riode
Denson,Salut Vini,,,2022-06-22,1Ã¨re pÃ©riode
Denson,Comment vas tu ,,,2022-06-22,1Ã¨re pÃ©riode
Vincent,Je vais bien merci et toi,,,2022-06-22,1Ã¨re pÃ©riode
Denson,Dieu veille sa va merci,,,2022-06-22,1Ã¨re pÃ©riode
Vincent,Amen,,,2022-06-22,1Ã¨re pÃ©riode
Elbert,Je suis lÃ ,,,2022-06-23,1Ã¨re pÃ©riode
Elbert,Oui oui Je suis lÃ ,,,2022-06-23,1Ã¨re pÃ©riode
Elbert,Esperance ma demandÃ© dattendre sa grande soeur Et la soeur de leglise attend toujours le retour de sa tante,,,2022-06-23,1Ã¨re pÃ©riode
Elbert,Ok,,,2022-06-23,1Ã¨re pÃ©riode
Parker,ğŸ¤ªğŸ™‚ğŸ˜˜,,,2022-06-23,1Ã¨re pÃ©riode
Elbert,Bonsoir Gaspard,,,2022-06-23,1Ã¨re pÃ©riode
Elbert,Oui excuse moi pour le terrain elles mont dit dattendre aprÃ¨s le mariage de zemia le juillet,,,2022-06-23,1Ã¨re pÃ©riode
Elbert,Excuse javais complÃ¨tement oubliÃ© de te le dire,,,2022-06-23,1Ã¨re pÃ©riode
Parker,youtubebzSuLhTawVo,,,2022-06-24,1Ã¨re pÃ©riode
Parker,Aceda regardes Ã§a et abonne toi puis nous analyseront les possibilitÃ©s plus tard,,,2022-06-24,1Ã¨re pÃ©riode
Parker,comwatchvlpfEkQwTvQfeatureyoutube,,,2022-06-24,1Ã¨re pÃ©riode
Parker,cellela aussi,,,2022-06-24,1Ã¨re pÃ©riode
Parker,voici le lien,,,2022-06-24,1Ã¨re pÃ©riode
Parker,ontariocafrpagevoletcompetencesrechercheesdelacategorieoffredemploidupoci,,,2022-06-24,1Ã¨re pÃ©riode
Denson,acedablessinggmailcom,,,2022-06-24,1Ã¨re pÃ©riode
Parker,youtubeBtSvks,,,2022-06-24,1Ã¨re pÃ©riode
Parker,youtubebzSuLhTawVo,,,2022-06-24,1Ã¨re pÃ©riode
Parker,youtubeafSadLKKuA,,,2022-06-25,1Ã¨re pÃ©riode
Parker,cellela cest vraiment une pÃ©pite une vrai professionnelle,,,2022-06-25,1Ã¨re pÃ©riode
Vincent,Bonsoir Ã  tous Bonsoir BIGI BIGI,,,2022-06-28,1Ã¨re pÃ©riode
Parker,youtubeQPFxPQcI,,,2022-06-28,1Ã¨re pÃ©riode
Parker,Dens juste pour faire attention,,,2022-06-28,1Ã¨re pÃ©riode
Denson,Merci,,,2022-06-28,1Ã¨re pÃ©riode
Elbert,,,,2022-06-29,1Ã¨re pÃ©riode
Parker,Exactement,,,2022-06-29,1Ã¨re pÃ©riode
Elbert,Ok,,,2022-06-30,1Ã¨re pÃ©riode
Parker,Merci Aceda,,,2022-07-01,1Ã¨re pÃ©riode
Parker,Bonjour a Tous,,,2022-07-01,1Ã¨re pÃ©riode
Parker,A lors quoi de nuef,,,2022-07-01,1Ã¨re pÃ©riode
Denson,facebookcompostsflitescwspnss,,,2022-07-04,1Ã¨re pÃ©riode
Parker,jobsonlinesearchlabelBourseDECAtudeauCanadagclidCjKCQjwnqWBhCvARIsAFNAMijqZqEpKmBrYRrERcIiHiZbGLgnhkQdTpZJICWKWjOCgaAjiYEALwwcBm,,,2022-07-04,1Ã¨re pÃ©riode
Parker,,,,2022-07-04,1Ã¨re pÃ©riode
Parker,,,,2022-07-05,1Ã¨re pÃ©riode
Parker,bitlykZEwTY,,,2022-07-05,1Ã¨re pÃ©riode
Parker,Veny Ã§a cest Ã  toi En plus du Canada regardes Ã§a un peu,,,2022-07-05,1Ã¨re pÃ©riode
Parker,complaylistlistPLOjAEHrQxyepyaWNmNOKAjxWgva,,,2022-07-05,1Ã¨re pÃ©riode
Parker,Svp partager dans vos rÃ©seaux Instagram LinkedIn Facebook WhatsApp etc,,,2022-07-05,1Ã¨re pÃ©riode
Denson,Ok daccord,,,2022-07-05,1Ã¨re pÃ©riode
Denson,facebookcomgroupspermalinksalepostidflitescwspnss,,,2022-07-05,1Ã¨re pÃ©riode
Denson,Dites moi je pars regarder sa,,,2022-07-05,1Ã¨re pÃ©riode
Elbert,Oui oui mais tu vas aller seul,,,2022-07-05,1Ã¨re pÃ©riode
Denson,Si tu es chaud allons,,,2022-07-05,1Ã¨re pÃ©riode
Elbert,Le week end,,,2022-07-05,1Ã¨re pÃ©riode
Denson,Si cest toujours disponible,,,2022-07-05,1Ã¨re pÃ©riode
Elbert,Ok,,,2022-07-05,1Ã¨re pÃ©riode
Denson,Ok daccord,,,2022-07-05,1Ã¨re pÃ©riode
Denson,facebookcompostsflitescwspnss,,,2022-07-06,1Ã¨re pÃ©riode
Denson,Amen,,,2022-07-12,1Ã¨re pÃ©riode
Denson,facebookcompostsflitescwspnss,,,2022-07-13,1Ã¨re pÃ©riode
Denson,facebookcomWomanSurvivorvideosflitescwspnss,,,2022-07-14,1Ã¨re pÃ©riode
Denson,Bonsoir Ã  tous,,,2022-07-14,1Ã¨re pÃ©riode
Elbert,ğŸ˜‚ğŸ˜‚ğŸ˜‚ğŸ˜‚,,,2022-07-15,1Ã¨re pÃ©riode
Parker,Bsr Les Gars Alors comment allez vous ,,,2022-07-16,1Ã¨re pÃ©riode
Denson,Bien et toi ,,,2022-07-16,1Ã¨re pÃ©riode
Elbert,Ca va grace Ã  Dieu,,,2022-07-16,1Ã¨re pÃ©riode
Parker,Stp je sors du terrain Mais il est important bien plus indispensable que a je vous appelle Je dois vous dire des choses Je vous en prie ğŸ™ğŸ½ğŸ™ğŸ½,,,2022-07-16,1Ã¨re pÃ©riode
Denson,Ok daccord,,,2022-07-16,1Ã¨re pÃ©riode
Vincent,Bonsoir Ã  tous Merci beaucoup Parker moi jai du mal Ã  discuter avec vous oÃ¹ je suis les gens sont trop autour et il est facile quils Ã©coutent nos conversations,,,2022-07-16,1Ã¨re pÃ©riode
Parker,ğŸ‘ğŸ½,,,2022-07-16,1Ã¨re pÃ©riode
Elbert,Ou sont les gens,,,2022-07-16,1Ã¨re pÃ©riode
Parker,Voici notre Ã©change Svp ne le partager pas Mais gardonsle pour nous Merci,,,2022-07-17,1Ã¨re pÃ©riode
Parker,Svp ne partageons rien de tout ceci Ce sont nos secrets,,,2022-07-17,1Ã¨re pÃ©riode
Vincent,Il faut dÃ©sormais une traÃ§abilitÃ© de nos Ã©volutions cela nous permettra de mieux nous situer dans le travail et davoir une visibilitÃ© claire sur les prodiges que Dieu fait pour nous dÃ©tape en Ã©tape,,,2022-07-17,1Ã¨re pÃ©riode
Denson,ğŸ˜‚ğŸ˜‚ allÃ©luia gloire Ã  notre Dieu,,,2022-07-17,1Ã¨re pÃ©riode
Denson,ğŸ˜‚ğŸ˜‚ğŸ˜‚ğŸ‘ğŸ‘ sa la change â¤ï¸â¤ï¸â¤ï¸,,,2022-07-17,1Ã¨re pÃ©riode
Vincent,Effectivement,,,2022-07-17,1Ã¨re pÃ©riode
Elbert,Desole les gars hier le forfait ma fait defaut,,,2022-07-17,1Ã¨re pÃ©riode
Denson,facebookcomAgribusinessTVvideosflitescwspnss,,,2022-07-17,1Ã¨re pÃ©riode
Parker,Amen,,,2022-07-17,1Ã¨re pÃ©riode
Parker,ğŸ˜˜ğŸ¥°ğŸ‘ğŸ½ğŸ‘ğŸ½,,,2022-07-17,1Ã¨re pÃ©riode
Parker,ğŸ‘ğŸ½ğŸ‘ğŸ½ğŸ‘ğŸ½ğŸ‘ğŸ½ğŸ‘ğŸ½,,,2022-07-17,1Ã¨re pÃ©riode
Parker,Svp les gars Ce soir Dieu voulant jaurais une surprise pour nous avec Maman Svp mettez le forfait Ce ne sera pas long,,,2022-07-17,1Ã¨re pÃ©riode
Elbert,Bonjour les Ä£ars,,,2022-07-18,1Ã¨re pÃ©riode
Elbert,Gloire Ã  Dieu Le seigneur est merveilleux,,,2022-07-18,1Ã¨re pÃ©riode
Vincent,Gloire Ã  Dieu pour lÃ©volution,,,2022-07-19,1Ã¨re pÃ©riode
Vincent,Waouh bÃ©ni soit lÃ‰ternel Dieu des Cieux et de la Terre Ã  jamais pour ce que nous de sa Puissance Ã©tonnante,,,2022-07-19,1Ã¨re pÃ©riode
Elbert,Gloire Ã  Dieu quil soit louÃ©,,,2022-07-19,1Ã¨re pÃ©riode
Vincent,Bonjour Ã  tous Merci beaucoup,,,2022-07-19,1Ã¨re pÃ©riode
Vincent,Il faut vraiment avoir de leau Ã  cÃ´tÃ©,,,2022-07-19,1Ã¨re pÃ©riode
Elbert,ğŸ˜‚ğŸ˜‚ğŸ˜‚ğŸ˜‚,,,2022-07-19,1Ã¨re pÃ©riode
Denson,LÃ  cest la belle vie quoi Tu as le luxe de manger sa au petit dÃ©jeuner wahou ,,,2022-07-19,1Ã¨re pÃ©riode
Vincent,Bonjour excellence jespÃ¨re que tu vas bien Par ce mot je viens vous signaler que le juillet Ã  partir de h Ã  h marquÃ© le jour de ma naissance Je veux sil vous plaÃ®t ğŸ™les cadeaux pleins de cadeaux Fais et selon linspiration du Saint Esprit Merci beaucoup excellence âœ¨ğŸ™Œ Cordialement Vincent ton humble frÃ¨re,,,2022-07-22,1Ã¨re pÃ©riode
Vincent,Amen amen,,,2022-07-22,1Ã¨re pÃ©riode
Vincent,Amen amen,,,2022-07-22,1Ã¨re pÃ©riode
Vincent,On entend pas ce que tu dis Denson,,,2022-07-22,1Ã¨re pÃ©riode
Vincent,Juste la fin,,,2022-07-22,1Ã¨re pÃ©riode
Denson,Gloire Ã  Dieu,,,2022-07-23,1Ã¨re pÃ©riode
Denson,facebookcompostsflitescwspnss,,,2022-07-25,1Ã¨re pÃ©riode
Parker,Merci Aceda,,,2022-07-25,1Ã¨re pÃ©riode
Vincent,Denis envoie les photos stp ğŸ™,,,2022-07-26,1Ã¨re pÃ©riode
Vincent,Elbert parker souhaite que tu filmes la maison de derriÃ¨re la pÃ©diatrie afin de voir ce qui reste Ã  faire,,,2022-07-26,1Ã¨re pÃ©riode
Vincent,Ce qui reste Ã  faire comme travaux,,,2022-07-26,1Ã¨re pÃ©riode
Elbert,Ok,,,2022-07-26,1Ã¨re pÃ©riode
Parker,ğŸ™ğŸ½ğŸ™ğŸ½,,,2022-07-26,1Ã¨re pÃ©riode
Denson,Oui dici le soir,,,2022-07-26,1Ã¨re pÃ©riode
Parker,ğŸ‘ğŸ½,,,2022-07-26,1Ã¨re pÃ©riode
Vincent,Amen,,,2022-07-26,1Ã¨re pÃ©riode
Elbert,Gloire Ã  Dieuâ˜ºï¸â˜ºï¸â˜ºï¸,,,2022-07-26,1Ã¨re pÃ©riode
Vincent,Magnifique amen,,,2022-07-26,1Ã¨re pÃ©riode
Denson,ğŸ‘ğŸ‘ğŸ‘ğŸ·,,,2022-07-26,1Ã¨re pÃ©riode
Parker,ğŸ™ğŸ½ğŸ™ğŸ½,,,2022-07-26,1Ã¨re pÃ©riode
Parker,IL Y A DES ANNÃ‰ES Des parents analphabÃ¨tes et pauvres ont produit des Docteurs des IngÃ©nieurs des scientifiques des comptables des avocats des architectes des professeurs que je dÃ©signe ici comme Â« Le Groupe A Â» Les enfants de ce Â« Groupe A Â» ont luttÃ© seuls Ã  lâ€™Ã©cole primaire au secondaire et Ã  lâ€™enseignement supÃ©rieur pour devenir des personnalitÃ©s remarquables La plupart dâ€™entre eux sont allÃ©s Ã  lÃ©cole les pieds nus ont travaillÃ© au champ ont cherchÃ© de lâ€™eau et du bois de chauffe ont pris soin des animaux domestiques ont fait du petit commerce aprÃ¨s les classes ou les jours fÃ©riÃ©s pour survivre Maintenant de ce Groupe A plusieurs sont devenus parents euxmÃªmes et ont produit des enfants du groupe B Malheureusement ces enfants sont dorlotÃ©s aidÃ©s dans leurs devoirs ou exercices de maison de lâ€™Ã©cole maternelle aux Ã©tablissements supÃ©rieurs en passant par les Ã©coles primaires et secondaires Â° Ils sont conduits par des chauffeurs pour aller dans des Ã©coles trÃ¨s chÃ¨res ou sont envoyÃ©s Ã  lâ€™Ã©tranger pour Ã©tudier Â° Ils peuvent regarder des films du matin jusquâ€™Ã  lâ€™aube aprÃ¨s lâ€™Ã©cole Â° Ils sont traitÃ©s comme des rois et reines Â° Ils ne font pas de tÃ¢ches mÃ©nagÃ¨res Â° La nourriture leur est servie Ã  table Â° Leurs assiettes sont enlevÃ©es et lavÃ©es par les parents ou les femmes de mÃ©nage Â° Ils reÃ§oivent des voitures et des vÃªtements coÃ»teux pour leur anniversaire Â° Leur argent de poche ne doit pas Ãªtre oubliÃ© etc MalgrÃ© tout cela seuls quelquesuns peuvent parler ou Ã©crire correctement Une gamine de ans sest tirÃ©e une balle dans la tÃªte Ã  Douala aprÃ¨s que sa maman lui ai dit Â«Â ma fille tu nes pas en droit Ã  cet Ã¢ge de faire venir ton copain Ã  la maison et lui faire Ã  mangerÂ» Bon nombre des enfants de ce groupe B sont des RATÃ‰S des PD des LESBIENNES des ESCROS TOXICOMANES PARESSEUX CAPRICIEUX etc Les parents du Groupe Â« A Â» se soucient de leurs propres parents pendant que les enfants du Groupe B sont encore Ã  lutter pour trouver leurs pieds Ã  lâ€™Ã¢ge de et plus Ils ont du mal Ã  faire les choses par euxmÃªmes parce quâ€™ils ont lâ€™habitude dâ€™Ãªtre aidÃ©s Ã  penser et Ã  faire faire les choses par le Groupe A Ils ne peuvent donc pas sâ€™en empÃªcher Que faire REPENSONS NOTRE MODÃˆLE Dâ€™Ã‰DUCATION de nos ENFANTS Solution RÃ‰HABILITER Â° LA SÃ‰VÃ‰RITÃ‰ Â° LA RIGUEUR Â° LA DISCIPLINE Â° LES SANCTIONS ET PUNITIONS RÃ©duire le dorlotage les tÃ©lÃ©commandes quâ€™on ne peut enlever de leurs mains les gadgets Ã©lectroniques le WiFi et lâ€™aide inutile que vous offrez Ã  vos enfants Apprenezleur Ã  grandir pour devenir des adultes indÃ©pendants Sachez quâ€™un jour ils feront face Ã  la vÃ©ritÃ© et aux rÃ©alitÃ©s de la vie Quen pensez vous ,,,2022-07-27,1Ã¨re pÃ©riode
Denson,Je suis tout Ã  fait daccord,,,2022-07-27,1Ã¨re pÃ©riode
Elbert,Je valide ,,,2022-07-27,1Ã¨re pÃ©riode
Denson,Gloire Ã  Dieu,,,2022-07-27,1Ã¨re pÃ©riode
Denson,,,,2022-07-27,1Ã¨re pÃ©riode
Denson,,,,2022-07-27,1Ã¨re pÃ©riode
Parker,ğŸ‘ğŸ½ğŸ‘ğŸ½ğŸ‘ğŸ½,,,2022-07-27,1Ã¨re pÃ©riode
Parker,ğŸ‘ğŸ½ğŸ‘ğŸ½ cest feuğŸ”¥ğŸ”¥,,,2022-07-27,1Ã¨re pÃ©riode
Denson,,,,2022-07-27,1Ã¨re pÃ©riode
Parker,irontimepiecesfrblogcourseetmarchecombiendepasdanskmhtmltextPourfairesimpleCunpasenkilomCAtredemarchetextPourfairekilomCAtreCvousentreetpas,,,2022-07-27,1Ã¨re pÃ©riode
Denson,,,,2022-07-27,1Ã¨re pÃ©riode
Denson,A peu prÃ¨s,,,2022-07-27,1Ã¨re pÃ©riode
Parker,Ok,,,2022-07-27,1Ã¨re pÃ©riode
Parker,Voici le brouillon rÃ©sumÃ© utilisÃ©,,,2022-07-27,1Ã¨re pÃ©riode
Elbert,Wahouuu Glore Ã  Dieu,,,2022-07-28,1Ã¨re pÃ©riode
Denson,Courage,,,2022-07-29,1Ã¨re pÃ©riode
Denson,,,,2022-07-29,1Ã¨re pÃ©riode
Denson,,,,2022-07-29,1Ã¨re pÃ©riode
Parker,Merci Aceda pour ces vidÃ©os,,,2022-07-30,1Ã¨re pÃ©riode
Elbert,Cest magnifique Avec tous ses palmiers Wahou,,,2022-07-31,1Ã¨re pÃ©riode
Elbert,Elles ont recoltÃ© Ã§a au jardin deden,,,2022-07-31,1Ã¨re pÃ©riode
Parker,Le lien,,,2022-07-31,1Ã¨re pÃ©riode
Denson,Trop cool,,,2022-08-01,1Ã¨re pÃ©riode
Denson,Courage,,,2022-08-01,1Ã¨re pÃ©riode
Vincent,Dieu soit louÃ© eternellement et abondamment,,,2022-08-01,1Ã¨re pÃ©riode
Elbert,Gloire Ã  Dieu,,,2022-08-02,2nde pÃ©riode
Parker,Gloria au Seigneur Amen Merci pour les encouragements,,,2022-08-02,2nde pÃ©riode
Parker,Amen,,,2022-08-02,2nde pÃ©riode
Denson,Ok que lÃ‰ternel te renouvelle,,,2022-08-02,2nde pÃ©riode
Vincent,Amen,,,2022-08-02,2nde pÃ©riode
Denson,FÃ©licitations â¤ï¸â¤ï¸â¤ï¸â¤ï¸,,,2022-08-04,2nde pÃ©riode
Elbert,ğŸ‘ğŸ¾ğŸ‘ğŸ¾ğŸ‘ğŸ¾ğŸ‘ğŸ¾ğŸ‘ğŸ¾ğŸ‘ğŸ¾,,,2022-08-04,2nde pÃ©riode
Elbert,Ah cağŸ‘ğŸ¾ğŸ‘ğŸ¾ğŸ‘ğŸ¾ğŸ‘ğŸ¾,,,2022-08-04,2nde pÃ©riode
Elbert,Salut Park,,,2022-08-08,2nde pÃ©riode
Elbert,Dis on ta affectÃ© Ã  Malabo,,,2022-08-08,2nde pÃ©riode
Denson,Oui,,,2022-08-08,2nde pÃ©riode
Elbert,Ah ok,,,2022-08-08,2nde pÃ©riode
Denson,youtubeHJNqporto,,,2022-08-09,2nde pÃ©riode
Denson,Park regarde sa,,,2022-08-09,2nde pÃ©riode
Parker,ğŸ‘ğŸ½,,,2022-08-10,2nde pÃ©riode
Denson,Vous vous la voulez douce ok On na notÃ©,,,2022-08-12,2nde pÃ©riode
Denson,Merci bonne nuit Ã  toi Ã©galement,,,2022-08-14,2nde pÃ©riode
Parker,ğŸŠğŸŠğŸ¥³ğŸ¥³ğŸ‘ğŸ½ğŸ•ºğŸ½,,,2022-08-15,2nde pÃ©riode
Parker,unigechgsemfrprogrammesmastersnegocematierespremieres,,,2022-08-16,2nde pÃ©riode
Parker,Veny regardes un peu quand tauras du temps,,,2022-08-16,2nde pÃ©riode
Parker,groupecsippcommasters,,,2022-08-16,2nde pÃ©riode
Vincent,Bonsoir Ã  tous Elle ressemble Ã  la fille du Pasteur ITANDA Elbert sois bÃ©ni mon aÃ®nÃ©,,,2022-08-19,2nde pÃ©riode
Denson,Gloire soit rendu Ã  notre Seigneur,,,2022-08-19,2nde pÃ©riode
Parker,Exact,,,2022-08-19,2nde pÃ©riode
Parker,Les gars on sappelle a Stp Elber il faut prendre un forfait stp Cest trÃ¨s important,,,2022-08-21,2nde pÃ©riode
Denson,Ok,,,2022-08-21,2nde pÃ©riode
Vincent,Bonsoir daccord excellences,,,2022-08-21,2nde pÃ©riode
Parker,Les gars donner moi minutes Tantine Song Abogo,,,2022-08-21,2nde pÃ©riode
Vincent,Ok,,,2022-08-21,2nde pÃ©riode
Vincent,La connexion bug,,,2022-08-21,2nde pÃ©riode
Elbert,Bonsoir les gars desole hier je ne me sentais pas bien,,,2022-08-22,2nde pÃ©riode
Denson,Elber en plus dÃªtre un gros morceau tu deviens dÃ©jÃ  aussi chochotte,,,2022-08-22,2nde pÃ©riode
Elbert,Tsiiiiip,,,2022-08-22,2nde pÃ©riode
Parker,Salut El,,,2022-08-22,2nde pÃ©riode
Elbert,Ca va je suis au boulot javais un malaise,,,2022-08-22,2nde pÃ©riode
Parker,Ahh ok Gloire au Seigneur Fais attention stp Il faut manger correctement et boire suffisamment deau durant la journÃ©e,,,2022-08-22,2nde pÃ©riode
Elbert,OkğŸ™ğŸ¾ğŸ™ğŸ¾,,,2022-08-22,2nde pÃ©riode
Denson,Il mange au debout debout cest lui le spÃ©cialiste de food de rues de Libreville,,,2022-08-22,2nde pÃ©riode
Elbert,Den envoie moi Dabord fcfa,,,2022-08-22,2nde pÃ©riode
Denson,Cest chaud El,,,2022-08-22,2nde pÃ©riode
Parker,Il faudrait donc rÃ©duire la cadence,,,2022-08-22,2nde pÃ©riode
Elbert,ğŸ˜‚ğŸ˜‚ğŸ˜‚ğŸ˜‚ğŸ˜‚,,,2022-08-23,2nde pÃ©riode
Parker,Exactement Sois bÃ©nis Veny Merci pour ce travail,,,2022-08-23,2nde pÃ©riode
Parker,,,,2022-08-23,2nde pÃ©riode
Parker,APPAREIL CONFIGURATION SÃ‰LECTIONNÃ‰E OPTIONS RECOMMANDÃ‰ES PC portable HP EliteBook G Processeur IntelÂ® Coreâ„¢ i de e gÃ©nÃ©ration Windows Pro disponible grÃ¢ce aux droits de mise Ã  niveau de Windows Pro RAM Go de RAM DDR MHz x Go Stockage ou GB PCIeÂ® NVMeâ„¢ SSD Graphisme IntelÂ® IrisÂ® Xáµ‰ TAILLE DE LÃ‰CRAN cm de diagonale dÃ©cran FHD COULEUR Naturel ArgentÃ© DEVICE SELECTED CONFIGURATION RECOMMENDED OPTIONS HP EliteBook G laptop th generation IntelÂ® Coreâ„¢ i processor Windows Pro available through Windows Pro upgrade rights RAM GB of DDR MHz RAM x GB Storage or GB PCIeÂ® NVMeâ„¢ SSD IntelÂ® IrisÂ® Xáµ‰ Graphics SCREEN SIZE cm diagonal FHD display COLOUR Natural silver,,,2022-08-23,2nde pÃ©riode
Parker,,,,2022-08-23,2nde pÃ©riode
Elbert,On se connecte nest ce pas,,,2022-08-24,2nde pÃ©riode
Parker,Veny Enregistre toi Ã  cette Ã©vÃ¨nement ici confsaeventsaircomcmspreviewevidenceregistration httpsconfsaeventsaircomcmspreviewevidence,,,2022-08-25,2nde pÃ©riode
Parker,Veny Devien membre ici africaevidencenetworkorgenmembersjoin,,,2022-08-25,2nde pÃ©riode
Parker,,,,2022-08-25,2nde pÃ©riode
Parker,,,,2022-08-25,2nde pÃ©riode
Parker,Cest aussi pour les bourse en chine,,,2022-08-25,2nde pÃ©riode
Parker,Et Etudes en Chnie,,,2022-08-25,2nde pÃ©riode
Parker,csceducn,,,2022-08-25,2nde pÃ©riode
Parker,Veny Postule Ã  ce vacance de poste tu le profile et expÃ©rience demandÃ© Click Seulement sur APPLY NOW jobsuniceforgenusjobknowledgemanagementofficerresearchimpactptemporaryappointmentdaysofficeofresearchinnocentiflorenceitaly,,,2022-08-25,2nde pÃ©riode
Denson,facebookcomposts,,,2022-08-25,2nde pÃ©riode
Denson,Les gars svp regardez cette vidÃ©o cest trÃ¨s Ã©difiant,,,2022-08-25,2nde pÃ©riode
Parker,youtubeOtPwkHBSY,,,2022-08-25,2nde pÃ©riode
Parker,youtubeSJFghY,,,2022-08-25,2nde pÃ©riode
Denson,Cest lanniversaire de Bigger aujourdhui,,,2022-08-28,2nde pÃ©riode
Parker,,,,2022-08-29,2nde pÃ©riode
Parker,leciadugedughacademicsmaprogram,,,2022-09-03,2nde pÃ©riode
Parker,wallstreetprepcomprograms,,,2022-09-03,2nde pÃ©riode
Parker,ELBER ET FANFAN,,,2022-09-03,2nde pÃ©riode
Parker,Tres IMPORTANT POUR VOTRE CARRIÃˆRE cfainstituteorg,,,2022-09-03,2nde pÃ©riode
Parker,Ceci aussi est trÃ¨s important afterskillscomcontactusdeebf,,,2022-09-03,2nde pÃ©riode
Parker,Cest une palteforme de Certification Reconnu sur le plan Global,,,2022-09-03,2nde pÃ©riode
Parker,Bjr les gars Tantine Mado Mouane Okomo la mÃ¨re de Vanessa est apparemment a Malabo Elle est entrain dappeller Mme EKIRI Cest vous qui lui avez donnÃ© notre numÃ©ro ,,,2022-09-06,2nde pÃ©riode
Elbert,Non non ce nest pas moi,,,2022-09-11,2nde pÃ©riode
Parker,worldbankgroupcsodcomatscareersiteJobDetailsaspxidsite,,,2022-09-12,2nde pÃ©riode
Parker,â€FelicitÃ© Ndong NtomaFAOSFCvcf fichier joint,,,2022-09-24,2nde pÃ©riode
Parker,insideconsultingorggrandesecolesducamerounlerepertoireuniversitaire,,,2022-09-24,2nde pÃ©riode
Elbert,Park je nai pas assez pour faire un appel video,,,2022-09-26,2nde pÃ©riode
Elbert,Ok je regarderai,,,2022-09-26,2nde pÃ©riode
Parker,Ok,,,2022-09-26,2nde pÃ©riode
Denson,Ok maman,,,2022-09-28,2nde pÃ©riode
Autres,,,,2022-09-28,2nde pÃ©riode
Parker,Yes la mamÃ¡,,,2022-09-28,2nde pÃ©riode
Parker,ulavalcaetudesmoocformationenligneouverteatous,,,2022-09-29,2nde pÃ©riode
Denson,Effectivement,,,2022-09-29,2nde pÃ©riode
Parker,Shalom je viens nous souhaiter une excellente journÃ©e en Christ JÃ©sus,,,2022-09-29,2nde pÃ©riode
Denson,Bonjour merci Parker a toi de mÃªme,,,2022-09-29,2nde pÃ©riode
Vincent,comshortswaQeybaTsfeatureshare,,,2022-09-30,2nde pÃ©riode
Parker,jobsuniceforgenuslisting,,,2022-10-01,2nde pÃ©riode
Parker, Ã  jul faoorgemploymentvacanciesen Ã  jul httpswwwundporgcareers Ã  jul httpsworldbankgroupcsodcomatscareersitesearchaspxsitecworldbankgroupsideeeFLGscZMYYRrwVaMRftHYwdd Ã  jul httpswwwunepwcmcorgenvacancies Ã  jul httpswwwwfporgcareersjobopenings,,,2022-10-01,2nde pÃ©riode
Parker,ğŸ˜˜ğŸ¥°,,,2022-10-02,2nde pÃ©riode
Parker,Pourrionsnous reunir ce soir ,,,2022-10-04,2nde pÃ©riode
Vincent,Ã€ quelle heure ,,,2022-10-04,2nde pÃ©riode
Parker,,,,2022-10-04,2nde pÃ©riode
Vincent,Daccord mister Parker,,,2022-10-04,2nde pÃ©riode
Parker,Amen,,,2022-10-04,2nde pÃ©riode
Parker,Salut les gars Je suis en ligne,,,2022-10-04,2nde pÃ©riode
Parker,Et vous ,,,2022-10-04,2nde pÃ©riode
Parker,Pardons les gars Pouvezvous vous reconnecter ,,,2022-10-04,2nde pÃ©riode
Vincent,Mais vous Ãªtes oÃ¹ ,,,2022-10-04,2nde pÃ©riode
Parker,Svp le rÃ©seau deconne,,,2022-10-04,2nde pÃ©riode
Autres,Stp Lances un peu lappel ğŸ™ğŸ¾,,,2022-10-04,2nde pÃ©riode
Autres,Parker,,,2022-10-04,2nde pÃ©riode
Denson,Sa dÃ©conne vraiment,,,2022-10-04,2nde pÃ©riode
Autres,Yes,,,2022-10-04,2nde pÃ©riode
Autres,Mais on laissera pas,,,2022-10-04,2nde pÃ©riode
Parker,Veny spt rejoin lappel passe dÃ©jÃ ,,,2022-10-04,2nde pÃ©riode
Parker,ğŸ™ˆ,,,2022-10-05,2nde pÃ©riode
Parker,Vraiment indispensable De tjrs se rappeler doÃ¹ Dieu nous a pris ğŸ™ğŸ™ Merci Aceda,,,2022-10-06,2nde pÃ©riode
Vincent,Bonsoir BIGI merci beaucoup,,,2022-10-06,2nde pÃ©riode
Parker,Listes des lycÃ©es et collÃ¨ges et leurs dirigeants ou responsable,,,2022-10-08,2nde pÃ©riode
Denson,Sa ne blague pas avec la bouffe du cÃ´tÃ© de la GuinÃ©e,,,2022-10-12,2nde pÃ©riode
Denson,Amen,,,2022-10-12,2nde pÃ©riode
Parker,Salut les gars,,,2022-10-12,2nde pÃ©riode
Parker,Bonjour les comment allez vous,,,2022-10-13,2nde pÃ©riode
Parker,Aceda Comment avez vous dormis Et comment te senstu ce matin ,,,2022-10-13,2nde pÃ©riode
Denson,Bonjour je vais beaucoup mieux et vous,,,2022-10-13,2nde pÃ©riode
Parker,Gloire Ã  Dieu Ã‡a va ici,,,2022-10-13,2nde pÃ©riode
Parker,Bonjour les gars,,,2022-10-14,2nde pÃ©riode
Denson,Bonjour Park comment vas tu ,,,2022-10-14,2nde pÃ©riode
Parker,Jai envoyÃ© les sous Ã  Etoo Nzhogo DÃ©nis et Ã  Nzogo Nzogo Vincent,,,2022-10-14,2nde pÃ©riode
Denson,Ok alors on procÃ¨de comment ,,,2022-10-14,2nde pÃ©riode
Denson,Cest telle qui envoie ,,,2022-10-14,2nde pÃ©riode
Parker,Les noms sont corrects,,,2022-10-14,2nde pÃ©riode
Denson,Non,,,2022-10-14,2nde pÃ©riode
Denson,Etoo Nzogho,,,2022-10-14,2nde pÃ©riode
Denson,Tu as oubliÃ© le H,,,2022-10-14,2nde pÃ©riode
Parker,Bjr Aceda,,,2022-10-14,2nde pÃ©riode
Parker,Ok,,,2022-10-14,2nde pÃ©riode
Parker,Ok,,,2022-10-14,2nde pÃ©riode
Parker,Jenvie A toi avec le nom de la Mme NSUE ANGUESOMO MarÃ­a Martina Et a Veny avec mon Nom Je vous enverrai la fiche avec les dÃ©tails je suis dans la file,,,2022-10-14,2nde pÃ©riode
Denson,Ok,,,2022-10-14,2nde pÃ©riode
Vincent,OK envoie moi aussi la photo de ta carte stp,,,2022-10-14,2nde pÃ©riode
Vincent,Bonsoir mister Parker merci beaucoup Aujourdhui il ya une Ã©norme plus qui sannonce Le vent est trÃ¨s fort je ne sais pas si cest prudent daller sous de telles hospices,,,2022-10-14,2nde pÃ©riode
Vincent,Non ce nest pas cela que je dis Daccord,,,2022-10-14,2nde pÃ©riode
Denson,Ok,,,2022-10-15,2nde pÃ©riode
Parker,ğŸ‘ğŸ½,,,2022-10-15,2nde pÃ©riode
Parker,Salut les gars,,,2022-10-16,2nde pÃ©riode
Parker,Stp El pourraistu nous faire le compte rendu ,,,2022-10-16,2nde pÃ©riode
Parker,Salut les gars svp corrigez moi Cest Gaspard Claude Ntoutoumou Ntoutoumou ou bien Gaspard Claude Ntoutoume Ntoutoume Cest urgent,,,2022-10-17,2nde pÃ©riode
Elbert,Gaspard Claude NTOUTOUME NTOUTOUME,,,2022-10-17,2nde pÃ©riode
Elbert,ğŸ˜‚,,,2022-10-17,2nde pÃ©riode
Elbert,Cest pourâ“,,,2022-10-17,2nde pÃ©riode
Parker,centralesupelecfr Liens de grande Ã©cole en france,,,2022-10-20,2nde pÃ©riode
Parker,maformationfrcentresmarqueegeecoledeguerreeconomiquehtmlgclidCjwKCAjwwLaBhBlEiwADycBIEUhAsaUTjmxlIZlZGvSrGuhUVetFkWoeeANkQLDWBvTxoCdEQAvDBwE,,,2022-10-20,2nde pÃ©riode
Parker,les lois financiÃ¨res Benjamin Franclin pdf,,,2022-10-20,2nde pÃ©riode
Parker,unicefsharepointcomteamsOEDYoungUNICEFlayoutsstreamaspxidFteamsFOEDDYoungUNICEFFDocumentLibraryFYoUAreLeadersFPublicNarrativePilotFOnboardingSessionforYoUAreLeadersPublicNarrativeOnlineCourseFEEEmpreferrerTeamsETEAMSDELECTRONreferrerScenarioppFnsDbimga,,,2022-10-23,2nde pÃ©riode
Parker,Hola Veny,,,2022-10-23,2nde pÃ©riode
Parker,impactpoolorgsearchqKnowledgeManagementgradesBDJuniorlevelgradesBDMidlevel,,,2022-10-24,2nde pÃ©riode
Vincent,Bonjour Ã  tous Merci Parker,,,2022-10-24,2nde pÃ©riode
Vincent,Daccord Dens,,,2022-10-24,2nde pÃ©riode
Parker,AllÃ©luia AllÃ©luia AllÃ©luia Mais cest quel frÃ¨re Quel est le titre du chant ou album ,,,2022-10-24,2nde pÃ©riode
Parker,itiesnreglementation,,,2022-10-29,2nde pÃ©riode
Parker,A lire pour les economistes et les Homme dAffaire Dens Veny et Elber,,,2022-10-29,2nde pÃ©riode
Parker,En attente de ce message,,,2022-10-30,2nde pÃ©riode
Parker,En attente de ce message,,,2022-10-30,2nde pÃ©riode
Parker,En attente de ce message,,,2022-10-30,2nde pÃ©riode
Parker,Ahh Ã§a aaaa,,,2022-11-01,2nde pÃ©riode
Elbert,Gloire Ã  Dieu ğŸ¥°ğŸ˜˜ğŸ¥°ğŸ¥°ğŸ¥°ğŸ˜ŠğŸ˜Š,,,2022-11-05,2nde pÃ©riode
Denson,facebookcominfofrancevideos,,,2022-11-06,2nde pÃ©riode
Parker,ğŸ‘ğŸ½ğŸ‘ğŸ½ğŸ’ªğŸ¾ğŸ’ªğŸ¾ğŸ’ªğŸ¾ğŸ‘ğŸ½ğŸ‘ğŸ½ğŸ‘ğŸ½,,,2022-11-07,2nde pÃ©riode
Parker,En attente de ce message,,,2022-11-08,2nde pÃ©riode
Parker,En attente de ce message,,,2022-11-10,2nde pÃ©riode
Parker,Salut la famille Svp pourrions nous avoir une rencontre ce soir a partir de DÃ©solÃ© pour le retard,,,2022-11-13,2nde pÃ©riode
Parker,OÃ¹ Ãªtes vous les gars ,,,2022-11-13,2nde pÃ©riode
Parker,En attente de ce message,,,2022-11-15,2nde pÃ©riode
Parker,En attente de ce message,,,2022-11-15,2nde pÃ©riode
Parker,En attente de ce message,,,2022-11-15,2nde pÃ©riode
Parker,futurelearncomcoursesbasicenglishelementarysteps,,,2022-11-21,2nde pÃ©riode
Parker,En attente de ce message,,,2022-11-22,2nde pÃ©riode
Denson,Bonjour Ã  tous,,,2022-11-22,2nde pÃ©riode
Parker,En attente de ce message,,,2022-11-23,2nde pÃ©riode
Parker,govukstandardvisitor,,,2022-12-03,2nde pÃ©riode
Parker,cnewsfrmondeclassementdufinancialtimesheceluemeilleureecoledecommerceeuropeenne,,,2022-12-07,2nde pÃ©riode
Parker,daijiworldcomnewsnewsDisplaynewsID,,,2022-12-07,2nde pÃ©riode
Parker,observalgeriecomvoyageetudiantsalgeriensacceptescanada,,,2022-12-07,2nde pÃ©riode
Parker,applyunicaforgUUFRdaysscholarshipafrica,,,2022-12-07,2nde pÃ©riode
Parker,ladepechefrcessiropscontrelatouxpourenfantsetadultessontdesormaisinterditsphp,,,2022-12-07,2nde pÃ©riode
Parker,businesscoolcomdecryptageclassementsclassementecolesdecommerce,,,2022-12-08,2nde pÃ©riode
Parker,businesscoolcomfeaturedclassementexecutivemba,,,2022-12-08,2nde pÃ©riode
Parker,teluqca,,,2022-12-14,2nde pÃ©riode
Vincent,Que Dieu restaure ceux qui auront lhumilitÃ© de suivre ce message youtubenkSlOzPJk,,,2022-12-16,2nde pÃ©riode
Parker,AprÃ¨s consultations de tous voici le programme de la rÃ©union ,,,2022-12-18,2nde pÃ©riode
Parker,Date de la RÃ©union Heure hh Prirer initiale Rappel de Vision Familiale et Horizon de la vision Bilan projets familiaux projets professionnels Spirituel sur tous les plans etcTour de table Quelles sont les LeÃ§ons apprises en ce qui a marchÃ©qui marche forces se qui na pas marchÃ©qui ne marche pas faiblesses Quelles sont les OpportunitÃ©s qui soffrent a nous Proposition didees sur comment mieux fonctionner Ã  lavenir pour atteindre les rÃ©sultats fixÃ©s la coordination internefamiliale Propositions didÃ©es gÃ©nÃ©ratrices de HAUTS revenus courtmoyenlong termes PrioritÃ©s familiale avec OBLIGATION DE RESULTATS Tour de table Plan dexÃ©cution des PrioritÃ©s Divers Priere de cloture,,,2022-12-18,2nde pÃ©riode
Denson,Bien reÃ§u,,,2022-12-18,2nde pÃ©riode
Vincent,Bonsoir Ã  tous bien reÃ§u,,,2022-12-18,2nde pÃ©riode
Denson,facebookcompostsflitescwspnssmibextidFUAMQfFCBGKa,,,2022-12-18,2nde pÃ©riode
Parker,Salut les gars Noublions pas le RDV ce Soir,,,2022-12-21,2nde pÃ©riode
Vincent,Bonsoir Ã  tous Bien reÃ§u Parker,,,2022-12-21,2nde pÃ©riode
Parker,Reunion Familiale Wednesday December Â· â€“ pm Google Meet joining info Video call link meetgooglecomwtveaubvbu,,,2022-12-21,2nde pÃ©riode
Parker,Pour participer Ã  la rÃ©union sur GoogleÂ Meet cliquez sur ce lienÂ  meetgooglecomwtveaubvbu Vous pouvez Ã©galement ouvrir Meet et saisir ce codeÂ  wtveaubvbu,,,2022-12-21,2nde pÃ©riode
Parker,Je suis lÃ  Veny,,,2022-12-21,2nde pÃ©riode
Parker,Yes Aceda comptent de te lire,,,2022-12-21,2nde pÃ©riode
Parker,Pas de souci,,,2022-12-21,2nde pÃ©riode
Vincent,RÃ©pondez les gars jappelle,,,2022-12-21,2nde pÃ©riode
Parker,Salut Papa,,,2022-12-21,2nde pÃ©riode
Vincent,Daccord Park,,,2022-12-21,2nde pÃ©riode
Parker,,,,2022-12-21,2nde pÃ©riode
Parker,Date de la RÃ©union Heure h PriÃ¨re initiale Rappel de Vision Familiale et Horizon de la vision Bilan projets familiaux projets professionnels Spirituel sur tous les plans etcTour de table Quelles sont les LeÃ§ons apprises en ce qui a marchÃ©qui marche forces se qui na pas marchÃ©qui ne marche pas faiblesses Quelles sont les OpportunitÃ©s qui soffrent a nous Proposition didees sur comment mieux fonctionner Ã  lavenir pour atteindre les rÃ©sultats fixÃ©s la coordination internefamiliale Propositions didÃ©es gÃ©nÃ©ratrices de HAUTS revenus courtmoyenlong termes PrioritÃ©s familiale avec OBLIGATION DE RESULTATS Tour de table Plan dexÃ©cution des PrioritÃ©s Divers PriÃ¨re de cloture,,,2022-12-21,2nde pÃ©riode
Vincent,Bonjour mister Parker Merci Ã  tous,,,2022-12-22,2nde pÃ©riode
Vincent,Excellente journÃ©e,,,2022-12-22,2nde pÃ©riode
Parker,ğŸ™ğŸ½ğŸ«¶ğŸ¾ğŸ¤œğŸ½ğŸ¤œğŸ½ğŸ‘ğŸ½ğŸ‘ğŸ½ğŸ’ªğŸ¾ğŸ’ªğŸ¾ğŸ‘ğŸ½ğŸ‘ğŸ½ğŸ‘ğŸ½,,,2022-12-23,2nde pÃ©riode
Parker,koenigsolutionscommicrosoftpowerbicertificationtrainingcoursekeywordpowerbibusinessanalyticsdevicemgclidCjwKCAiAnZCdBhBmEiwAnDQxZsAUxMKiKgkODYKfOXtXDDdtirPXTobSKcyfFXXTBrhoClFQAvDBwE,,,2022-12-23,2nde pÃ©riode
Parker,positcoblogshinytableauandpowerbibetterbusinessintelligence,,,2022-12-23,2nde pÃ©riode
Parker,campusdatacampcomcoursesdatavisualizationinpowerbitheaudienceiskingex,,,2022-12-23,2nde pÃ©riode
Parker,campusdatacampcomcoursesintroductiontotableaugettingstartedwithtableauex,,,2022-12-23,2nde pÃ©riode
Parker,udemycomtopicdatavisualizationfree,,,2022-12-23,2nde pÃ©riode
Parker,powerbimicrosoftcomenusbloganalyzingandvisualizingdatawithpowerbinewonlineedxcourse,,,2022-12-23,2nde pÃ©riode
Parker,classcentralcomcourseedxbasicsofpowerbi,,,2022-12-23,2nde pÃ©riode
Parker,Salut les gars,,,2022-12-23,2nde pÃ©riode
Parker,Urgent Urgent Urgent ,,,2022-12-25,2nde pÃ©riode
Elbert,Ok bien reÃ§u,,,2022-12-25,2nde pÃ©riode
Parker,â€Raissa vcf fichier joint,,,2022-12-26,2nde pÃ©riode
Parker,Les gars jattends cest trÃ¨s Urgent ğŸ™ğŸ½ğŸ™ğŸ½ğŸ™ğŸ½ğŸ™ğŸ½,,,2022-12-27,2nde pÃ©riode
Parker,fcfa DÃ©pÃ´t Airtel Money a Raissa,,,2022-12-27,2nde pÃ©riode
Parker,Bonjour les gars Bon rÃ©veil matinal,,,2022-12-27,2nde pÃ©riode
Parker,Alors quoi de neuf ce matin ,,,2022-12-27,2nde pÃ©riode
Vincent,Bonjour mister Parker Tout va bien et de ton cÃ´tÃ© ,,,2022-12-27,2nde pÃ©riode
Elbert,Jattends Denis il doit venir chercher ce que jai,,,2022-12-27,2nde pÃ©riode
Parker,Ã‡a va grÃ¢ce Ã  Dieu Ici tous allons bien,,,2022-12-27,2nde pÃ©riode
Parker,EnvoyÃ© les ici Svp faites des captures dÃ©cran pour des raisons dÃ©vidence,,,2022-12-27,2nde pÃ©riode
Parker,Veny tu es dÃ©jÃ  allÃ© prendre les sous chez Elber,,,2022-12-27,2nde pÃ©riode
Elbert,Ok bien reÃ§u,,,2022-12-27,2nde pÃ©riode
Parker,,,,2022-12-27,2nde pÃ©riode
Vincent,IndiquÃ© nous la suite du processus,,,2022-12-27,2nde pÃ©riode
Vincent,Parker indique nous la suite du processus stp,,,2022-12-27,2nde pÃ©riode
Vincent,ReÃ§u Excellente Imminence,,,2022-12-27,2nde pÃ©riode
Parker,AmenğŸ˜˜ğŸ¥°,,,2022-12-28,2nde pÃ©riode
Parker,Urgent Urgent Urgent ,,,2022-12-28,2nde pÃ©riode
Vincent,Urgent urgent urgent,,,2022-12-28,2nde pÃ©riode
Denson,Gloire Ã  Dieu,,,2022-12-28,2nde pÃ©riode
Elbert,Gloire Ã  DieuğŸ™ğŸ¾ğŸ™ğŸ¾ğŸ™ğŸ¾,,,2022-12-28,2nde pÃ©riode
Parker,AllÃ©luia AllÃ©luia AllÃ©luia,,,2022-12-28,2nde pÃ©riode
Parker,Agence de Voyage au rondpoint du quartier,,,2022-12-28,2nde pÃ©riode
Parker,Agence de Voyage se trouve au rondpoint du quartier lÃ bas oÃ¹ il faut aller payer le billet La grande sÅ“ur de Mme EKIRI elle sappelle RaÃ¯ssa va vous attendre lÃ bas dÃ¨s min demain matin,,,2022-12-28,2nde pÃ©riode
Parker,Western Union fonctionne dÃ©jÃ  Ã  LomÃ©,,,2022-12-28,2nde pÃ©riode
Vincent,Bonsoir Park,,,2022-12-28,2nde pÃ©riode
Vincent,Donc qui va rejoindre RaÃ¯ssa Car je vais faire le western union,,,2022-12-28,2nde pÃ©riode
Parker,Recherche de Terrain,,,2022-12-28,2nde pÃ©riode
Parker,Rappel des prioritÃ©s,,,2022-12-28,2nde pÃ©riode
Parker,Bonjour les gars Bon rÃ©veil matinal a tous La grande sÅ“ur de Mme EKIRI est dÃ©jÃ  en route,,,2022-12-29,2nde pÃ©riode
Parker,â€Asaph Abome LomÃ©vcf fichier joint,,,2022-12-29,2nde pÃ©riode
Parker,Amen,,,2022-12-29,2nde pÃ©riode
Denson,Ooooh vous allez la rendre trop grosse a cette allure,,,2022-12-29,2nde pÃ©riode
Denson,Gloire Ã  notre Dieu,,,2022-12-29,2nde pÃ©riode
Parker,Amen,,,2022-12-29,2nde pÃ©riode
Parker,ğŸ¤©ğŸ¥³,,,2022-12-30,2nde pÃ©riode
Parker,ensaifrapreslensailesmetiersdeladata,,,2022-12-31,2nde pÃ©riode
Parker,ensaifr,,,2022-12-31,2nde pÃ©riode
Parker,Il ny a rien de plus prÃ©cieux et de plus important que la famille En ce moment particulier je viens vous redire combien je suis fier de vous avoir et de vous compter parmi les miens cela na pas Ã©tÃ© facile du tout mais cela a Ã©tÃ© un grand privilÃ¨ge de pouvoir compter les uns sur les autres Ã  chaque occasion Merci Elber Aceda Veny dÃªtre toujours lÃ  votre chaleur votre affection et votre considÃ©ration sont une grande bÃ©nÃ©diction Merci infiniment et que Dieu vous bÃ©nisse toujours ğŸ˜˜ A lentame de cette annÃ©e nous avons Ã©tÃ© confrontÃ© Ã  une grande Ã©preuve familiale sagissant de la situation de la mÃ¨re de Mme EKIRI Situation que par la grÃ¢ce de Dieu Ã©tÃ© rÃ©solue avec brio Cela nous montre encore que lunion fait la force Cest un signe que Dieu nous montre pour que nous sachions que Le Seigneur est avec nous Et pour nous montrer que les rÃ©solutions prises lors de notre rÃ©union Bilan de Fin dannÃ©e et Lancement des ActivitÃ©s de Bonne annÃ©e mes FrÃ¨res ğŸ¥³ğŸ‰ğŸ¥³ğŸ‰ğŸ¥³ que Dieu dans sa grÃ¢ce Nous surprenne et continue Ã  Nous faire encore Plus de Bien NB Dieu nous a tout donnÃ© car il a tout accomplis sur la Croix pour nous Cest donc Ã  nous de continuer de demeurer en JÃ©sus tout en travaillant dure de faÃ§on Unanime et DÃ©terminÃ©e pour rÃ©aliser les objectifs que nous lui avons recommandÃ© Je vous Aime et Je suis ExtrÃªmement FiÃ¨re de vous avoir comme FrÃ¨res et AssociÃ©s en Tout Shalom et GrÃ¢ce en Christ JÃ©sus Amen,,,2023-01-03,2nde pÃ©riode
Vincent,Bonsoir mister Parker Mes vÅ“ux les meilleurs Merci beaucoup pour ce message,,,2023-01-03,2nde pÃ©riode
Parker,Svp je voudrais vous appeller tout Ã  lheure a ,,,2023-01-03,2nde pÃ©riode
Vincent,Je vÃ©rifie si les autres sont connectÃ©s,,,2023-01-03,2nde pÃ©riode
Vincent,Mister Parker Denis a dit quil fera leffort dÃªtre lÃ  Elbert na pas de connexion je lui ferai un compte rendu,,,2023-01-03,2nde pÃ©riode
Parker,Urgent Urgent Urgent Recherche de Terrain de Superficie Type A m m voir plus en zone urbanisÃ©e et de Type B des Superficies allant de m en montant en zone mÃªme de forÃªt accessible Lieux Communes dOwendo de Lbv Type Ã€ Pour les terrains de Type B Communes en Owendo et Ntoum Si vous en disposez Merci de Bien vouloir contacter le Tel Bonne et Heureuse AnnÃ©e et Que Dieu vous BÃ©nisseğŸ‰,,,2023-01-03,2nde pÃ©riode
Parker,Cest la proposition de Message Svp veillez apporter vos corrections et propositions,,,2023-01-03,2nde pÃ©riode
Parker,,,,2023-01-04,3Ã¨me pÃ©riode
Parker,,,,2023-01-04,3Ã¨me pÃ©riode
Parker,,,,2023-01-04,3Ã¨me pÃ©riode
Parker,,,,2023-01-04,3Ã¨me pÃ©riode
Parker,,,,2023-01-04,3Ã¨me pÃ©riode
Parker,,,,2023-01-04,3Ã¨me pÃ©riode
Parker,,,,2023-01-04,3Ã¨me pÃ©riode
Parker,,,,2023-01-04,3Ã¨me pÃ©riode
Parker,,,,2023-01-04,3Ã¨me pÃ©riode
Vincent,ğŸŒ¿ğŸŒ¿ğŸŒ¿ğŸŒ¿ğŸŒ¿ğŸŒ¿ğŸŒ¿ğŸŒ¿ COMPTE RENDU RÃ©union de famille NETO NZANG Date du au DurÃ©e h Ã  h Ã‰taient prÃ©sents Julien et Fanfan Ordre du Jour FÃ©licitations et remerciements par rapport au dynamisme et Ã  la diligence concernant la situation de notre bellemÃ¨re Rendre grÃ¢ce Ã  Dieu pour les bÃ©nÃ©dictions proclamÃ©es sur nous concernant laction menÃ©e pour notre bellemÃ¨re LunitÃ© fait la force La force du travail ensemble pour aller loin et tout surmonter Aller de lavant et que rien ne limite nos efforts durant cette lannÃ©e Demeurer dÃ©terminer Unis connectÃ©s trÃ¨s concentrÃ©s et travaillant Ne pas retourner aux mauvais comportements mais avancer de gloire en gloire Fanfan,,,2023-01-04,3Ã¨me pÃ©riode
Parker,APPAREIL CONFIGURATION SÃ‰LECTIONNÃ‰E OPTIONS RECOMMANDÃ‰ES PC portable HP EliteBook G Processeur IntelÂ® Coreâ„¢ i de e gÃ©nÃ©ration Windows Pro disponible grÃ¢ce aux droits de mise Ã  niveau de Windows Pro RAM Go de RAM DDR MHz x Go Stockage GB a GB PCIeÂ® NVMeâ„¢ SSD Graphisme IntelÂ® IrisÂ® Xáµ‰ TAILLE DE LÃ‰CRAN cm ou plus de diagonale dÃ©cran FHD ou plus COULEUR Naturelle ArgentÃ©e NB Regarder dautres Marques avec les mÃªmes CaractÃ©ristiques Techniques Exemple Lenovo etc DEVICE SELECTED CONFIGURATION RECOMMENDED OPTIONS HP EliteBook G laptop th generation IntelÂ® Coreâ„¢ i processor Windows Pro available through Windows Pro upgrade rights RAM GB of DDR MHz RAM x GB Storage or GB PCIeÂ® NVMeâ„¢ SSD IntelÂ® IrisÂ® Xáµ‰ Graphics SCREEN SIZE cm or more or more diagonal FHD display COLOUR Natural silver NB Considere other Brands with the same Technical Characteristics Example Lenovo etc,,,2023-01-04,3Ã¨me pÃ©riode
Parker,Excellent Very ğŸ™ğŸ½ğŸ™ğŸ½,,,2023-01-04,3Ã¨me pÃ©riode
Parker,Nous sommes dans la zone d Gabo prix de derriÃ¨re la prison plus prÃ©cisÃ©ment Ã  lÃ©cole LA FLORINA,,,2023-01-06,3Ã¨me pÃ©riode
Denson,Ok,,,2023-01-06,3Ã¨me pÃ©riode
Denson,Amen,,,2023-01-10,3Ã¨me pÃ©riode
Denson,Ok merci pour le message,,,2023-01-10,3Ã¨me pÃ©riode
Parker,Voici les rÃ©fÃ©rences de lordi,,,2023-01-11,3Ã¨me pÃ©riode
Vincent,âš ï¸âš ï¸âš ï¸âš ï¸âš ï¸âœ…âœ…âœ…âœ…âœ…âœ… Bonjour les gars jespÃ¨re que vous allez bien La soutenance est prÃ©vue pour le et fÃ©vrier Jai besoin dune basse de donnÃ©es sur le mobile money de Ã  ou ,,,2023-01-12,3Ã¨me pÃ©riode
Vincent,Au second il aura trimestriel et sera er au nom ToutPuissant de JÃ©sus Christ Amen,,,2023-01-14,3Ã¨me pÃ©riode
Parker,Les Gars noublions pas la RÃ©union de ce Soir le janvier a ,,,2023-01-15,3Ã¨me pÃ©riode
Parker,meetgooglecomhkkfhvkoys Cest le lien Google MeetğŸ¥³ğŸ¥³,,,2023-01-15,3Ã¨me pÃ©riode
Parker,ğŸ¥³ğŸ‘ŒğŸ½ğŸ¥³ğŸ‘ğŸ½ğŸ¥³ğŸ‘ğŸ½ğŸ¥³ğŸ‘ŒğŸ½ğŸ‘ğŸ½ğŸ™ğŸ½,,,2023-01-15,3Ã¨me pÃ©riode
Vincent,â¤ï¸â¤ï¸â¤ï¸â¤ï¸â¤ï¸â¤ï¸âœ¨ğŸŒ¹ğŸŒ¹âœ¨ğŸŒ¹ğŸŒ¹ğŸŒ¹ Bonjour la famille jespÃ¨re que vous allez bien Je viens juste vous rappeler que ma soutenance est prÃ©vue entre le et fÃ©vrier Jai besoin de vos priÃ¨res,,,2023-01-22,3Ã¨me pÃ©riode
Parker,AllÃ©luia AllÃ©luia AllÃ©luia ,,,2023-01-22,3Ã¨me pÃ©riode
Denson,Ok sa marche,,,2023-01-22,3Ã¨me pÃ©riode
Denson,Tu es Lucide ,,,2023-01-25,3Ã¨me pÃ©riode
Vincent,Oui il est lucide,,,2023-01-25,3Ã¨me pÃ©riode
Elbert,ğŸ˜‚ğŸ˜‚ğŸ˜‚ğŸ˜‚ğŸ˜‚,,,2023-01-25,3Ã¨me pÃ©riode
Vincent,âœ¨â¤ï¸âœ¨ğŸŒ¹âœ¨â¤ï¸âœ¨ğŸŒ¹âœ¨â¤ï¸âœ¨ğŸŒ¹âœ¨â¤ï¸âœ¨ğŸŒ¹âœ¨ OyÃ© OyÃ© Jour de joie pour le Royaume des Cieux Bonsoir ou bonsoir chers frÃ¨res et sÅ“urs JespÃ¨re que vous allez trÃ¨s bien Moi je vais trÃ¨s bien par la grÃ¢ce Divine Merci Je tiens juste Ã  vous informer de cette bonne nouvelle Entre le et fÃ©vrier Vincent fils de Dieu frÃ¨re cadet du Christ et ami du Saint soutiendra ensemble avec le Saint Royaume son mÃ©moire de Master NB Si les dates ne sont pas maintenues je vous aviserai certainement Je viens humblement solliciter votre accompagnement dans la priÃ¨re et si possible votre prÃ©sence Cependant la priÃ¨re me semble dÃ©jÃ  une trÃ¨s bonne chose Je vous remercie infiniment,,,2023-01-29,3Ã¨me pÃ©riode
Vincent,Sil vous plaÃ®t jai besoin de vous dans la priÃ¨re Sil vous plaÃ®t,,,2023-01-29,3Ã¨me pÃ©riode
Denson,Bonjour non sommes en priÃ¨re,,,2023-01-29,3Ã¨me pÃ©riode
Vincent,Bonjour nous sommes en priÃ¨re,,,2023-01-29,3Ã¨me pÃ©riode
Vincent,Amen Ã  tous merci beaucoup,,,2023-01-29,3Ã¨me pÃ©riode
Parker,Merci Veny pour ce beau message Nous sommes en priÃ¨re depuis ton entrÃ©e Ã  luniversitÃ© et bÃ©nissons Dieu pour lachÃ¨vement de ce parcours en Afrique Cest le tremplin pour de nouvelles horizons maintenant ğŸŠğŸŠğŸ•Šï¸ğŸ•Šï¸ğŸ•Šï¸,,,2023-01-29,3Ã¨me pÃ©riode
Vincent,Wouah Je dis seulement Amen Amen Amen,,,2023-01-29,3Ã¨me pÃ©riode
Denson,Javais dÃ©boursÃ© en moyenne mille et Elber mille et mille supplÃ©mentaires pour la tablette des petits,,,2023-01-30,3Ã¨me pÃ©riode
Vincent,Bonsoir Ã  tous OK Moi je nai rien dÃ©pensÃ©,,,2023-01-30,3Ã¨me pÃ©riode
Parker,ğŸ™ˆğŸ™ˆ,,,2023-01-30,3Ã¨me pÃ©riode
Elbert,ğŸ˜ŠğŸ˜ŠğŸ¥°ğŸ˜ŠğŸ˜Š il dit bien ElbaÃ§a cest un bon petit,,,2023-02-01,3Ã¨me pÃ©riode
Elbert,Cest reportÃ© pour une date ultÃ©rieure,,,2023-02-01,3Ã¨me pÃ©riode
Parker,Ahhh bon,,,2023-02-01,3Ã¨me pÃ©riode
Elbert,Cest ce quil ma laissÃ© entendre,,,2023-02-01,3Ã¨me pÃ©riode
Elbert,Hier,,,2023-02-01,3Ã¨me pÃ©riode
Parker,Ok,,,2023-02-02,3Ã¨me pÃ©riode
Vincent,Amen Amen Amen Amen Amen Amen Amen Amen Amen Amen Amen,,,2023-02-02,3Ã¨me pÃ©riode
Vincent,Bonjour Ã  tous jespÃ¨re que vous allez bien bien merci beaucoup grandfrÃ¨re trÃ¨s aimÃ©,,,2023-02-02,3Ã¨me pÃ©riode
Parker,AllÃ©luia,,,2023-02-02,3Ã¨me pÃ©riode
Parker,Veny internationalenapcainternationalBoursesenap Elber aussi peu appliquer,,,2023-02-02,3Ã¨me pÃ©riode
Parker,leparisienfretudiantorientationuniversitesquestcequundeaundessouundoctoratQCZYMFUURJSJDEFPNSPRIJUphp,,,2023-02-02,3Ã¨me pÃ©riode
Vincent,Bonsoir mister Parker merci beaucoup,,,2023-02-02,3Ã¨me pÃ©riode
Parker,ensaefrformationmasteresspecialisesmsdatascience,,,2023-02-02,3Ã¨me pÃ©riode
Parker,De rien ensaefrformationmasteresspecialisesmsdatascience,,,2023-02-02,3Ã¨me pÃ©riode
Elbert,ğŸ˜‹ğŸ˜‹ğŸ˜‹ğŸ˜‹ğŸ˜‹,,,2023-02-04,3Ã¨me pÃ©riode
Elbert,Donc y a de bonnes nouvelles en cours comme Ã§a,,,2023-02-04,3Ã¨me pÃ©riode
Elbert,Ah ca,,,2023-02-04,3Ã¨me pÃ©riode
Elbert,Parker dans mes sous enlÃ¨ve fcfa pour le futur anniversaire de la vieille Tu lui prendras un bon gÃ¢teau avec,,,2023-02-04,3Ã¨me pÃ©riode
Denson,Bonjour ok bien reÃ§u,,,2023-02-06,3Ã¨me pÃ©riode
Parker,youtubeaiiLxmKfGIU Aceda stp regardes un cette OpportunitÃ©ğŸ’ªğŸ¾ğŸ‘ŒğŸ½,,,2023-02-07,3Ã¨me pÃ©riode
Parker,Regardes aussi Cest en Anglais mais tout est cajoobleorgjdpUnskilledJobsinQuebecCanadaWithVisaSponsorshipQuCAbecCQC,,,2023-02-07,3Ã¨me pÃ©riode
Parker,comwatchvJayQKzSEMts,,,2023-02-07,3Ã¨me pÃ©riode
Parker,,,,2023-02-07,3Ã¨me pÃ©riode
Parker,CV quebeccaemploiconseilsenrecherchedemploiprepareretdiffusersacandidatureredigersoncurriculumvitae,,,2023-02-07,3Ã¨me pÃ©riode
Parker,youtuberwbUzTWWwx,,,2023-02-07,3Ã¨me pÃ©riode
Parker,ModÃ¨les de CV Ã  tÃ©lÃ©charger Nous vous proposons deux modÃ¨les de CV Ã  tÃ©lÃ©charger un modÃ¨le de CV chronologique DOCX Ko Cet hyperlien souvrira dans une nouvelle fenÃªtre un modÃ¨le de CV par compÃ©tences DOCX Ko Cet hyperlien souvrira dans une nouvelle fenÃªtre Ces modÃ¨les comportent les sections qui composent habituellement un CV Ils ont Ã©tÃ© conÃ§us pour aider les personnes Ã  rÃ©diger un CV clair et Ã  lâ€™aspect professionnel Vous devrez enregistrer une copie du document choisi sur votre ordinateur et modifier chacune des sections en y inscrivant vos renseignements Conseils pour rÃ©diger votre CV Voici quelques conseils dordre gÃ©nÃ©ral pour rÃ©diger un CV efficace Listez les Ã©lÃ©ments de maniÃ¨re chronologique en commenÃ§ant toujours par le plus rÃ©cent Donnez seulement des renseignements vÃ©ridiques Faites court une Ã  deux pages au maximum Les employeurs reÃ§oivent beaucoup de CV et ils mettent de cÃ´tÃ© ceux qui sont trop longs Choisissez soigneusement vos mots Utilisez un vocabulaire simple et Ã©vitez les tournures de phrases nÃ©gatives Faites corriger votre CV par quelquun qui maÃ®trise bien la langue DÃ©limitez clairement chacune des rubriques objectif de carriÃ¨re Ã©tudes expÃ©riences de travail loisirs etc Ã‰vitez de vous contredire RÃ©sistez Ã  lenvie de faire de lhumour Types de CV Il existe trois types principaux de CV Vous en choisirez un selon le genre demploi que vous cherchez et selon ce que vous voulez mettre en valeur Le CV chronologique Comme son nom lindique le CV chronologique retrace vos expÃ©riences au fil du temps en allant de la plus rÃ©cente Ã  la plus ancienne Il met laccent sur les diverses expÃ©riences que vous avez acquises dans le mÃªme secteur dactivitÃ© ou dans le mÃªme domaine demploi Ce type de CV est intÃ©ressant si vous voulez rester dans le mÃªme domaine ou si la progression de votre carriÃ¨re est rÃ©guliÃ¨re Voici quelques cas oÃ¹ le CV chronologique est Ã  Ã©viter Votre parcours comporte de frÃ©quents changements demploi ou de longues pÃ©riodes sans emploi que vous pourriez avoir du mal Ã  expliquer Vous ne voulez pas accorder trop dimportance au dernier emploi occupÃ© Le lien entre vos anciennes expÃ©riences de travail et votre nouvel objectif professionnel est difficile Ã  Ã©tablir Le CV fonctionnel ou par compÃ©tences Le CV fonctionnel met laccent sur ce que vous avez Ã  offrir Il fait ressortir vos rÃ©alisations ou les compÃ©tences que vous avez acquises tout au long de votre parcours professionnel Voici quelques exemples de compÃ©tences manipuler aisÃ©ment une presse hydraulique savoir rÃ©diger des comptes rendus possÃ©der de bonnes aptitudes ou capacitÃ©s en mÃ©canique Vous devez dÃ©crire vos compÃ©tences en commenÃ§ant par celles qui ont un rapport avec lemploi que vous cherchez Voici des cas oÃ¹ il peut Ãªtre intÃ©ressant de choisir un CV fonctionnel ou par compÃ©tences Vous avez peu ou nâ€™avez jamais travaillÃ© Vous avez occupÃ© plusieurs emplois qui nont aucun lien entre eux Vous souhaitez insister sur des talents que vous navez jamais mis en valeur dans un emploi Vous voulez mettre en valeur des compÃ©tences transfÃ©rables dans un domaine professionnel qui a peu de rapport avec vos expÃ©riences passÃ©es Ã‰vitez de choisir ce genre de CV si vous souhaitez mettre en Ã©vidence votre progression de carriÃ¨re Le CV mixte Le CV mixte est le plus utilisÃ© Il prÃ©sente autant vos compÃ©tences que vos expÃ©riences de travail regroupÃ©es en ordre chronologique de la plus rÃ©cente Ã  la plus ancienne Vous utiliserez le CV mixte si vous avez changÃ© souvent demploi ou encore si vous avez beaucoup dexpÃ©rience dans un domaine mais que vous avez travaillÃ© pour plusieurs employeurs Sections que doit contenir un CV Les renseignements personnels Vous devez indiquer votre nom votre adresse complÃ¨te vos numÃ©ros de tÃ©lÃ©phone au domicile et cellulaire votre adresse de courriel votre adresse Web si vous avez un site personnel Attention Vous devez faire preuve de prudence en ce qui concerne vos renseignements personnels lorsque vous postulez des emplois Objectif de carriÃ¨re Ã‰crivez un rÃ©sumÃ© de votre objectif de carriÃ¨re ou dÃ©crivez simplement ce que vous souhaitez faire GÃ©nÃ©ralement il suffit dune phrase ou deux Cela permettra Ã  lemployeur de savoir quel genre de travail vous cherchez Essayez de faire ressortir un lien avec lemploi que vous postulez Formation ou Ã©tudes Indiquez les Ã©tudes gÃ©nÃ©rales et spÃ©cialisÃ©es que vous avez faites en prÃ©cisant le nom des Ã©coles ou autres Ã©tablissements denseignement que vous avez frÃ©quentÃ©s et la ville oÃ¹ ils se trouvent votre niveau de scolaritÃ© et la date oÃ¹ vous avez obtenu vos diplÃ´mes attestation certificat etc les cours de perfectionnement ou les autres formations que vous avez suivis et qui sont reliÃ©s Ã  ce que vous voulez faire par exemple des cours dinformatique de franÃ§ais dentretien des petits moteurs etc les mentions spÃ©ciales que vous avez reÃ§ues bourses prix etc CompÃ©tences reliÃ©es Ã  lemploi Ã‰numÃ©rez les compÃ©tences qui font de vous la personne dÃ©signÃ©e pour occuper le poste Plus vos compÃ©tences seront reliÃ©es au poste que vous convoitez plus vous attirerez lattention DÃ©crivez les compÃ©tences que vous avez acquises dans le cadre dun travail rÃ©munÃ©rÃ© dune expÃ©rience bÃ©nÃ©vole dun stage ou mÃªme dun passetemps Pour savoir quelles sont les compÃ©tences reliÃ©es Ã  un emploi en particulier consultez la page Explorer des mÃ©tiers et des professions ExpÃ©rience de travail Ã‰numÃ©rez les emplois que vous avez occupÃ©s en prÃ©cisant pour chacun le nom de lentreprise et le lieu de travail le titre de lemploi la date dembauche et la date de cessation demploi les fonctions ou les tÃ¢ches reliÃ©es Ã  lemploi NhÃ©sitez pas Ã  mentionner vos stages ou vos expÃ©riences Ã  titre de bÃ©nÃ©vole Votre expÃ©rience doit avoir un rapport direct avec lemploi que vous postulez Ne mentionnez que les tÃ¢ches les plus importantes ou celles que vous prÃ©fÃ©rez PrivilÃ©giez les verbes daction comme administrer analyser compiler diriger informer IdÃ©alement ne dÃ©passez pas cinq fonctions pour chaque emploi Vous aurez toujours la possibilitÃ© de donner plus de dÃ©tails en entrevue Renseignements supplÃ©mentaires Examinez attentivement loffre demploi et voyez quels dÃ©tails pertinents vous pourriez ajouter pour appuyer votre candidature Langues Ã©trangÃ¨res Ã©numÃ©rez les langues que vous connaissez parlÃ©es et Ã©crites Connaissances informatiques faites la liste des logiciels et des technologies que vous savez utiliser et si possible indiquez votre degrÃ© de connaissance dÃ©butant intermÃ©diaire avancÃ© Carte de qualification associations professionnelles si cela sapplique Ã  votre mÃ©tier ou Ã  votre profession prÃ©cisez votre qualification par exemple en fonction dun type de machinerie indiquez si vous Ãªtes membre dune association ou dun ordre professionnel etc Prix et rÃ©alisations mettez en relief les prix que vous avez obtenus pour votre travail employÃ© de lannÃ©e prix dexcellence mention pour lexcellence du service Ã  la clientÃ¨le etc Au besoin crÃ©ez un portfolio pour montrer des exemples de votre travail Centres dâ€™intÃ©rÃªt et activitÃ©s Vos centres dâ€™intÃ©rÃªt ou vos activitÃ©s de loisir rÃ©vÃ¨lent certains traits de votre personnalitÃ© et peuvent jouer en votre faveur Vous pouvez par exemple indiquer que vous aimez cuisiner lire aller au cinÃ©ma pÃªcher Ã  la ligne etc RÃ©fÃ©rences Vos rÃ©fÃ©rences sont les personnes auxquelles un employeur potentiel sadressera pour obtenir des renseignements Ã  votre sujet par exemple un ancien employeur une personne de votre Ã©cole un enseignant une conseillÃ¨re dorientation une personne pour qui vous avez travaillÃ© garde denfants bÃ©nÃ©volat Ã‰vitez de mentionner vos rÃ©fÃ©rences dans votre CV mais ayez la liste avec vous au moment de lentrevue Avant de fournir le nom de quelquun comme rÃ©fÃ©rence assurezvous dobtenir lautorisation de cette personne,,,2023-02-07,3Ã¨me pÃ©riode
Parker,CV autre liens youtubedExTrivGI,,,2023-02-08,3Ã¨me pÃ©riode
Parker,Webinar,,,2023-02-08,3Ã¨me pÃ©riode
Parker,youtubeiazqeU,,,2023-02-08,3Ã¨me pÃ©riode
Elbert,Cest combien ,,,2023-02-10,3Ã¨me pÃ©riode
Elbert,ğŸ˜‚ğŸ˜‚ğŸ˜‚ğŸ˜‚,,,2023-02-13,3Ã¨me pÃ©riode
Denson,Maman avec ses lunettes ğŸ˜ŠğŸ˜Šâ¤ï¸â¤ï¸,,,2023-02-17,3Ã¨me pÃ©riode
Elbert,Salut Park Je tai laissÃ© un SMS en in box,,,2023-02-17,3Ã¨me pÃ©riode
Denson,Envoie le ici on veut aussi le voir,,,2023-02-17,3Ã¨me pÃ©riode
Elbert,Non,,,2023-02-17,3Ã¨me pÃ©riode
Parker,careersunorglbwjobdetailaspxidlangfrFR,,,2023-02-20,3Ã¨me pÃ©riode
Parker,estmfaemoraclecloudcomhcmUICandidateExperienceensitesCXrequisitionsjobutmmediumreferralutmsourceimpactpool,,,2023-02-20,3Ã¨me pÃ©riode
Denson,Ok Park jai mÃªme commencÃ© Ã  travailler dessus,,,2023-02-20,3Ã¨me pÃ©riode
Parker,Veny et Elber voici un poste au PNUD a Libreville,,,2023-02-20,3Ã¨me pÃ©riode
Parker,careersunorglbwjobdetailaspxid,,,2023-02-20,3Ã¨me pÃ©riode
Parker,Elber Regardes aussi Celui ci,,,2023-02-20,3Ã¨me pÃ©riode
Elbert,Bonjour ok je vais regarder,,,2023-02-20,3Ã¨me pÃ©riode
Elbert,,,,2023-02-24,3Ã¨me pÃ©riode
Elbert,,,,2023-02-24,3Ã¨me pÃ©riode
Vincent,Mardi Ã  ecobank Daccord jai compris mister Parker,,,2023-02-25,3Ã¨me pÃ©riode
Parker,Ok,,,2023-02-25,3Ã¨me pÃ©riode
Parker,Svp Dans les fcfa il faut remettre f a Dylan,,,2023-02-25,3Ã¨me pÃ©riode
Vincent,Bonsoir mister Parker bien reÃ§u,,,2023-02-25,3Ã¨me pÃ©riode
Elbert,ğŸ˜ğŸ˜ğŸ˜ğŸ˜,,,2023-02-25,3Ã¨me pÃ©riode
Denson,â¤ï¸â¤ï¸â¤ï¸ğŸŒ¹,,,2023-02-25,3Ã¨me pÃ©riode
Denson,FÃ©licitations Parker,,,2023-02-27,3Ã¨me pÃ©riode
Parker,Merci Dens Vraiment Merci Ã  TousğŸ•ºğŸ½ğŸ¥³ğŸ¤©ğŸ”¥ğŸ”¥ğŸ”¥ğŸ”¥ğŸ•Šï¸ğŸ•Šï¸ğŸ•Šï¸,,,2023-02-27,3Ã¨me pÃ©riode
Elbert,,,,2023-02-27,3Ã¨me pÃ©riode
Parker,ligsuniversitycomligsuniversitymba A Euro,,,2023-03-04,3Ã¨me pÃ©riode
Parker,Global MBA Program A Total Fee Conditions Apply uniathenacomcoursesglobalmbautmsourceGoogleAdsutmmediumGoogleutmcampaignGOWWWGMBCNVSCBDgclidEAIaIQobChMIqNnTBQIVFRChngqEAAYAiAAEgLGgvDBwE,,,2023-03-04,3Ã¨me pÃ©riode
Elbert,Cest lanniversaire du bosse,,,2023-03-05,3Ã¨me pÃ©riode
Denson,Je ne sais pas,,,2023-03-05,3Ã¨me pÃ©riode
Elbert,Non non jai confondu,,,2023-03-05,3Ã¨me pÃ©riode
Denson,ğŸ˜…ğŸ˜…ğŸ˜…,,,2023-03-05,3Ã¨me pÃ©riode
Elbert,ğŸ˜‚ğŸ˜‚ğŸ˜‚ğŸ˜‚ğŸ˜‚,,,2023-03-06,3Ã¨me pÃ©riode
Elbert,ğŸ˜‚ğŸ˜‚ğŸ˜‚ğŸ˜‚,,,2023-03-06,3Ã¨me pÃ©riode
Parker,Elber ou estu,,,2023-03-06,3Ã¨me pÃ©riode
Elbert,Bonjour Ã§a va bien,,,2023-03-07,3Ã¨me pÃ©riode
Parker,Ok,,,2023-03-07,3Ã¨me pÃ©riode
Parker,glaacukstudyonline,,,2023-03-08,3Ã¨me pÃ©riode
Parker,Veny impactpoolorgjobs,,,2023-03-08,3Ã¨me pÃ©riode
Elbert,Bien reÃ§u Parker Merci,,,2023-03-09,3Ã¨me pÃ©riode
Elbert,Bonjour Ã  tous,,,2023-03-09,3Ã¨me pÃ©riode
Parker,pfpmakercom,,,2023-03-09,3Ã¨me pÃ©riode
Parker,ğŸ¤”ğŸ¤”ğŸ¤”,,,2023-03-09,3Ã¨me pÃ©riode
Vincent,Bonsoir Zara Comment vastu ma sÅ“ur Moi je vais bien par la grÃ¢ce de Dieu merci Je voudrais savoir si ton papa vend des terrains Il ya un membre de ma famille qui cherche un terrain Jattends ton retour Encore navrÃ© pour lheure Excellente nuit chez toi,,,2023-03-20,3Ã¨me pÃ©riode
Vincent,Bsr,,,2023-03-20,3Ã¨me pÃ©riode
Vincent,Oui il en vend,,,2023-03-20,3Ã¨me pÃ©riode
Vincent,Recherche Terrain de Superficie Type A M ou m En zone urbanise Type B Superficies allant de m en montant En zone mÃªme de forÃªt accessible,,,2023-03-20,3Ã¨me pÃ©riode
Vincent,Zara je tai envoyÃ© les modalitÃ©s de types de terrains voulu par mon proche Stp dis moi si cest possible davoir un truc ainsi Parlesen Ã  ton papa,,,2023-03-20,3Ã¨me pÃ©riode
Elbert,Ok zog,,,2023-03-21,3Ã¨me pÃ©riode
Parker,ğŸ¤” Comment Ã‡a,,,2023-03-23,3Ã¨me pÃ©riode
Denson,Ils trichent dans les facultÃ©s,,,2023-03-23,3Ã¨me pÃ©riode
Autres,ğŸ˜ŸğŸ˜ŸğŸ˜”ğŸ˜”ğŸ˜” Ã§aaaaaaa,,,2023-03-24,3Ã¨me pÃ©riode
Denson,Amen,,,2023-03-24,3Ã¨me pÃ©riode
Parker,Urgent Urgent Elber Il faut que lon travail ce weekend pour postuler a ce trÃ¨s bon Poste careersunorglbwjobdetailaspxid,,,2023-03-24,3Ã¨me pÃ©riode
Elbert,Ok Sans faute,,,2023-03-24,3Ã¨me pÃ©riode
Elbert,Bonjour tout le monde,,,2023-03-24,3Ã¨me pÃ©riode
Parker,Salut Elber,,,2023-03-24,3Ã¨me pÃ©riode
Parker,PrÃ©pare moi ton CV dÃ©taillÃ© en version WORD Par email jai envoyÃ© Ã  Toi DÃ©nis et Fanfan un exemple ou ModÃ¨le de CV et de Lettre de Motivation,,,2023-03-24,3Ã¨me pÃ©riode
Elbert,envoie sur gcongamagmailcom,,,2023-03-24,3Ã¨me pÃ©riode
Parker,Chers Elber Denis et Veny salutations depuis Malabo Tout en vous souhaitant la paix dans le PrÃ©cieux Nom de NotreÂ  Seigneur JÃ‰SUS CHRIST etÂ croyant que par la GrÃ¢ce de Dieu vous notreÂ PÃ¨re notre Femme Safy et nos Enfants Blessing Bigger et Faith alliez bien je viens par le prÃ©sent vous partagerÂ  ModÃ¨le de CV et ModÃ¨le de Lettre de Motivation en vue de la prÃ©paration Ã  la prochaine Ã©tape de notre avenir Svp IL NE FAUT EN AUCUN CAS PARTAGER CES EXEMPLES AVEC DES AMIS DES COLLÃˆGUES ou CONNAISSANCES en DEHORS DE CERCLE RESTREINT QUE NOUS SOMMES Svp priÃ¨re Ã  chacun dentre vous Elber Aceda Veny de prÃ©parer un CV sur Exhaustif DÃ©taillÃ© sur la Base de SES EXPÃ‰RIENCES PROFESSIONNELLES incluant SPORTIVE STAGE VIE ASSOCIATIVE RESPONSABILITÃ‰S DANS LÃ‰GLISE VIE ENTREPRENEURIALE etc Chacun menverra son Travail Sagissant de ACEDA Tu peux Ã©crire tout les DÃ©tail de tes ExpÃ©riences sur du Papier et menvoyer des PHOTOS ou simplement tAsseoir avec VENY quand tu aurasÂ tout Ã©crit sur du Papier afin quil taide Ã  redigerÂ cela sur Word Nous ALLONS VÃ‰RIFIER CE TRAVAIL le DIMANCHE marsÂ SOIR a partir de h Et ELBER en plus du CV devraÂ prÃ©parer UNE LETTRE DE MOTIVATION sur la base de la DESCRITION DU POSTE dont jai partagÃ© le lien ce Matin et rapartage ici Lien franÃ§aisÂ careersunorglbwjobdetailaspxidlangfrFR Lien AnglaisÂ httpscareersunorglbwjobdetailaspxidlangenUS je tai aussi mis en attache les PDF pour que tu puisses les tÃ©lÃ©charger directement dans ton Ordinateur Elber Stp fais ce travail pour que Demain SAMEDIÂ  marrs dans la soirÃ©e Ã  partir de h nous puissions rÃ©viser le travail et passer Ã  lEtapeÂ Suivante qui est de crÃ©er un PROFILE SUR LA PLATEFORME DES NATIONS UNIESÂ  NB Je te rappelle que la Date de clÃ´tureFermeture de ce poste cest le Mardi mars donc onÂ a pas assez de temps Que le Seigneur nous bÃ©nisse Je vous AIME TOUS Bien Ã  vous Parker,,,2023-03-24,3Ã¨me pÃ©riode
Parker,Merci,,,2023-03-24,3Ã¨me pÃ©riode
Elbert,Ok,,,2023-03-24,3Ã¨me pÃ©riode
Denson,Merci ok reÃ§u,,,2023-03-24,3Ã¨me pÃ©riode
Vincent,Messieurs EKIRI JULIEN NTOUNTOUM Gaspard NZOGO Denis recevez mes salutations les plus respectueuses,,,2023-03-24,3Ã¨me pÃ©riode
Elbert,ğŸ«‚,,,2023-03-24,3Ã¨me pÃ©riode
Vincent,Bonjour Ã  tous jespÃ¨re que vous allez bien Stp Elbert appelle comme Ã§a tu nous fais un retour lÃ  dessus Stp,,,2023-03-29,3Ã¨me pÃ©riode
Elbert,Ok,,,2023-03-29,3Ã¨me pÃ©riode
Vincent,ğŸ˜ŠğŸ˜… Il a raison JÃ©sus est plus grand joueur,,,2023-03-29,3Ã¨me pÃ©riode
Elbert,YesğŸ˜ŠğŸ˜ŠğŸ˜Š,,,2023-03-30,3Ã¨me pÃ©riode
Autres,Le Dieu FidÃ¨le youtubePVSMjTdQ,,,2023-04-03,3Ã¨me pÃ©riode
Autres,comwatchvDmWaoWjNwlistRDPVSMjTdQindex,,,2023-04-04,3Ã¨me pÃ©riode
Vincent,Bonjour Ã  tous Merci beaucoup mister Parker,,,2023-04-04,3Ã¨me pÃ©riode
Vincent,Bjr Vincent jespÃ¨re que tu vas bien Le boss dit quil peut trouver un terrain de mÃ¨tre carrÃ© mais Ã  f le mÃ¨tre,,,2023-04-04,3Ã¨me pÃ©riode
Vincent,Bonjour excellence Entendu je te reviens dessus,,,2023-04-04,3Ã¨me pÃ©riode
Denson,Ou,,,2023-04-04,3Ã¨me pÃ©riode
Vincent,Ã€ Igoumier,,,2023-04-04,3Ã¨me pÃ©riode
Denson,Ah ok,,,2023-04-04,3Ã¨me pÃ©riode
Vincent,Bonsoir monsieur Parker Vraiment merci pour les conseils,,,2023-04-08,3Ã¨me pÃ©riode
Vincent,Elbert et Denis si vous passez Ã  la maison jai une bouteille de bissap de litre pour chacun Prenez lÃ ,,,2023-04-08,3Ã¨me pÃ©riode
Denson,Merci,,,2023-04-08,3Ã¨me pÃ©riode
Vincent,Daccord mister Parker,,,2023-04-09,3Ã¨me pÃ©riode
Elbert,Jai pas de passeport Jen ai fait la demande jusquÃ  lors il nest pas sorti Jai fait des relances rien,,,2023-04-10,3Ã¨me pÃ©riode
Denson,Jai perdu le mien jai que le rÃ©cÃ©pissÃ©,,,2023-04-10,3Ã¨me pÃ©riode
Vincent,Bonjour Ã  tous Merci beaucoup mister Parker,,,2023-04-15,3Ã¨me pÃ©riode
Vincent,Bjr Vincent jespÃ¨re que tu vas bien Le boss dit quil peut trouver un terrain de mÃ¨tre carrÃ© mais Ã  f le mÃ¨tre,,,2023-04-15,3Ã¨me pÃ©riode
Vincent,Elbert ComptabilitÃ© ContrÃ´le audit,,,2023-04-15,3Ã¨me pÃ©riode
Parker,ğŸ‘ğŸ½,,,2023-04-15,3Ã¨me pÃ©riode
Parker,ğŸ‘ğŸ½ğŸ‘ğŸ½ğŸ‘ğŸ½ğŸ‘ğŸ½ğŸ•ºğŸ½ğŸ•ºğŸ½ğŸ•ºğŸ½ğŸ•ºğŸ½,,,2023-04-15,3Ã¨me pÃ©riode
Vincent,Bonsoir Ã  tous mes grands frÃ¨res bÃ©nis en JÃ©sus Christ Mister Parker on te pardonne Tu navais pas tord sur plusieurs points Tu es notre aÃ®nÃ© et nous savons que cest une grande responsabilitÃ© et nous voyons ton travail acharnÃ© pour la famille Nous aussi moi particuliÃ¨rement je te demande et je vous demande pardon pour les manquements que jai eu ces derniers temps Pardon je me corrige et je ne rÃ©pÃ©terai plus ces comportements par la grÃ¢ce de Dieu,,,2023-04-15,3Ã¨me pÃ©riode
Parker,Merci de maccepter avec ced dÃ©fauts Et merci de me pardonner Soyez tous bÃ©nis,,,2023-04-15,3Ã¨me pÃ©riode
Vincent,Amen,,,2023-04-15,3Ã¨me pÃ©riode
Parker,Excellent Merci Aceda,,,2023-04-17,3Ã¨me pÃ©riode
Parker,Bjr Elber et Fanfan Noubliez pas svp ğŸ™ğŸ½,,,2023-04-17,3Ã¨me pÃ©riode
Parker,Bourse dExcellence du Quebec Canada quebecmetiersdavenircomboursedexcellence,,,2023-04-17,3Ã¨me pÃ©riode
Parker,Il faut sabonner a leur page Facebook CEST POUR LES METIERS SANS EXCEPTION,,,2023-04-17,3Ã¨me pÃ©riode
Parker,facebookcomquebecmetiersdavenir,,,2023-04-17,3Ã¨me pÃ©riode
Denson,Bien reÃ§u,,,2023-04-17,3Ã¨me pÃ©riode
Parker,La prochaine session pour postuler sera ouverte Ã  partir du er Juin ,,,2023-04-17,3Ã¨me pÃ©riode
Parker,OK Elber merci pour la diligence ğŸ•ºğŸ½ğŸ•ºğŸ½ğŸ•ºğŸ½ğŸ•ºğŸ½ğŸ•ºğŸ½ğŸ•ºğŸ½,,,2023-04-18,3Ã¨me pÃ©riode
Parker,Il faut aussi aller voir cela aprÃ¨s la transaction,,,2023-04-18,3Ã¨me pÃ©riode
Parker,Je fesai reference Ã  la transaction du CapSanta clara demain mercredi,,,2023-04-18,3Ã¨me pÃ©riode
Parker,Mission du JourğŸ•ºğŸ½ğŸ•ºğŸ½ğŸ•ºğŸ½ğŸ’ªğŸ¼ğŸ’ªğŸ¼ğŸ’ªğŸ¼ğŸ’ªğŸ¼,,,2023-04-18,3Ã¨me pÃ©riode
Parker,Reunion a h,,,2023-04-18,3Ã¨me pÃ©riode
Parker,Dylan,,,2023-04-19,3Ã¨me pÃ©riode
Parker,,,,2023-04-19,3Ã¨me pÃ©riode
Parker,On devrait commencer Ã  minjecter aujourdhui Mais comme je te disais dans un de mes audios il y a trop de nÃ©gligence par ici Cest mÃªme la raison pour laquelle on en est lÃ  car jai eu Ã  faire Ã©tat de ces douleur un jour aprÃ¨s leur apparition et aujourdhui cest le eme jours JÃ©tais sensÃ© commencer mon traitement aujourdhui avec la prise de mÃ©dicaments et les injections comprises Je devais sortir Ã  h avec lui mais son programme diffÃ©rait alors on a remis cela Ã  h h venu les intempÃ©ries ont commencÃ© mais Ã  ils se sont apaisÃ©s Alors Ã  h jai dÃ©cidÃ© dy aller mais il a dis quil se faisait dÃ©jÃ  tard et que cela se fera demain en matinÃ©e Pendant ce temps je souffre,,,2023-04-19,3Ã¨me pÃ©riode
Elbert,Svp ne toucher pas largent du terrain Surtout pas Svp Ã©coutez moi Ne touchez pas largent du terrain Ce terrain on doit lacquÃ©rir,,,2023-04-20,3Ã¨me pÃ©riode
Parker,,,,2023-04-20,3Ã¨me pÃ©riode
Vincent,Mon premier document effectuÃ© par le logiciel RStudio,,,2023-04-21,3Ã¨me pÃ©riode
Elbert,Elle est dÃ©jÃ  au courant,,,2023-04-22,3Ã¨me pÃ©riode
Elbert,,,,2023-04-22,3Ã¨me pÃ©riode
Elbert,âŒâŒâŒ COMMUNIQUÃ‰ MEDICAL âŒâŒâŒ NB Cest URGENT Attention Soyez prudent Ne prenez pas un PARACETAMOL qui vient avec une Mention P Cest un nouveau type de paracÃ©tamol dune couleur trÃ¨s blanchÃ¢tre Les docteurs ont prouvÃ© que le mÃ©dicament paracÃ©tamol contient le virus Machupo considÃ©rÃ© comme un des virus les plus dangereux au monde avec un degrÃ© de mortalitÃ© Ã©levÃ© Sil vous plaÃ®t veuillez partager ce message Ã  tout le monde et Ã  vos familles ProtÃ©geons nos vies ainsi que les leurs Je fais ma part et cest Ã  ton tour de faire la tienne,,,2023-04-22,3Ã¨me pÃ©riode
Elbert,Mais Ã§ava,,,2023-04-22,3Ã¨me pÃ©riode
Elbert,C est bon,,,2023-04-22,3Ã¨me pÃ©riode
Elbert,Le Mr a dit ok,,,2023-04-22,3Ã¨me pÃ©riode
Elbert,Mais on a pas caler l heure,,,2023-04-22,3Ã¨me pÃ©riode
Elbert,Je suis entrain de voir pour hh,,,2023-04-22,3Ã¨me pÃ©riode
Elbert,Pour que j assiste et aprÃ¨s je repars au chruch,,,2023-04-22,3Ã¨me pÃ©riode
Elbert,Church,,,2023-04-22,3Ã¨me pÃ©riode
Elbert,Car on a rÃ©pÃ©tition apres le culte jusqu a h,,,2023-04-22,3Ã¨me pÃ©riode
Elbert,Je suis lÃ ,,,2023-04-23,3Ã¨me pÃ©riode
Parker,Tu es lÃ  OÃ¹ donc Car on ne te vois pas,,,2023-04-23,3Ã¨me pÃ©riode
Elbert,Suis lÃ ,,,2023-04-23,3Ã¨me pÃ©riode
Parker,Mais je suis entrain dappeler mais personne ne dÃ©croche,,,2023-04-23,3Ã¨me pÃ©riode
Parker,Toi appelles stp ğŸ™ğŸ½,,,2023-04-23,3Ã¨me pÃ©riode
Elbert,Jai pas assez de forfait pour appeler,,,2023-04-23,3Ã¨me pÃ©riode
Elbert,Ok,,,2023-04-23,3Ã¨me pÃ©riode
Vincent,Bonsoir Ã  tous JespÃ¨re que vous allez bien,,,2023-04-28,3Ã¨me pÃ©riode
Vincent,Elbert ta proposition est intÃ©ressante ainsi que celle de Dens On peut mettre ce terrain comme un objectif de fin septembre avec la grÃ¢ce de Dieu Entretemps on dÃ©bute les activitÃ©s sur lautre cestÃ dire une maison,,,2023-04-28,3Ã¨me pÃ©riode
Elbert,gztphhdcndfaRxgXlVKSnJSElxBFwSzBKQtBWEHVVsCCUrNTkxdSEDAFQZneBUIzofzZSEDTgEQJVFDrKAUGwyoy,,,2023-04-29,3Ã¨me pÃ©riode
Parker,Svp il faut mettre le forfait pour que nous parlions Ã  h ce soir Merci,,,2023-04-29,3Ã¨me pÃ©riode
Parker,DÃ©solÃ© de ne pas avoir avisÃ© avant jÃ©tais hors rÃ©seau Je suis encore en chemin,,,2023-04-29,3Ã¨me pÃ©riode
Parker,Parker Stp demain ce nest pas mieux Stp,,,2023-04-29,3Ã¨me pÃ©riode
Parker,OK Demain Ã  h,,,2023-04-29,3Ã¨me pÃ©riode
Denson,ZoÃ© est oÃ¹,,,2023-04-30,3Ã¨me pÃ©riode
Parker,Il dormait ğŸ¤£ğŸ¤£,,,2023-04-30,3Ã¨me pÃ©riode
Parker,Merci Aceda FÃ©licitations Ã  tous,,,2023-04-30,3Ã¨me pÃ©riode
Parker,Svp il faut mettre le forfait pour que nous parlions Ã  h ce soir Merci,,,2023-04-30,3Ã¨me pÃ©riode
Denson,Ok sa marche,,,2023-04-30,3Ã¨me pÃ©riode
Parker,Pardon Cest PlutÃ´t h ce soir Merci,,,2023-04-30,3Ã¨me pÃ©riode
Denson,Ok daccord,,,2023-04-30,3Ã¨me pÃ©riode
Parker,Mais oÃ¹ estes vous ,,,2023-04-30,3Ã¨me pÃ©riode
Elbert,Suis la,,,2023-04-30,3Ã¨me pÃ©riode
Elbert,DÃ©solÃ© du retard,,,2023-04-30,3Ã¨me pÃ©riode
Parker,Aceda et Veny,,,2023-04-30,3Ã¨me pÃ©riode
Parker,Fanfan on tattend,,,2023-04-30,3Ã¨me pÃ©riode
Denson,Il ne rÃ©pond pas Ã  son tÃ©lÃ©phone,,,2023-04-30,3Ã¨me pÃ©riode
Parker,Ok,,,2023-04-30,3Ã¨me pÃ©riode
Parker,Elber tu es oÃ¹ On commence,,,2023-04-30,3Ã¨me pÃ©riode
Vincent,Bonsoir Ã  tous JespÃ¨re que vous allez bien Veuillez mexcuser pour mon absence dhier Ã  la rÃ©union Je me suis assoupis et sans men rendre compte je me suis rÃ©veillÃ© audelÃ  de h Veuillez sil vous plaÃ®t mexcuser,,,2023-05-01,3Ã¨me pÃ©riode
Vincent,âœ…âœ…âœ…âœ…âœ…âœ…âœ…âœ…âœ…âœ…âœ…âœ…âœ…âœ… Aussi je tenais Ã  vous informer que une date de soutenance a Ã©tÃ© arrÃªtÃ©e Il sagit de samedi Mai Donc samedi de cette semaine Alors jai dÃ©jÃ  tout Jai dÃ©jÃ  largent du cocktail xfaf Nous sommes trois personnes Ã  soutenir Ã  raison de par personne Ã§a donne pour le cocktail Jai dÃ©jÃ  un costume trois piÃ¨ces la chaussure Ce qui me manque ce sont les frais de soutenance Jen ai dÃ©jÃ  parlÃ© au boss et il ma dit quil peut me trouver Elbert et Dens jai besoin de votre aide pour le reste,,,2023-05-01,3Ã¨me pÃ©riode
Vincent,Demain on lance la procÃ©dure pour faire sortir les avis de soutenance,,,2023-05-01,3Ã¨me pÃ©riode
Denson,Gloire Ã  Dieu,,,2023-05-01,3Ã¨me pÃ©riode
Elbert,Il faut combien pour le reste ,,,2023-05-01,3Ã¨me pÃ©riode
Parker,ğŸ•ºğŸ½ğŸ•ºğŸ½ğŸ•ºğŸ½ğŸ•ºğŸ½ğŸ•ºğŸ½ğŸ•ºğŸ½ğŸ¥³ğŸ¥³ğŸ¥³ğŸ¥³ğŸ¥³ğŸ¤—ğŸ¤—ğŸ¤—ğŸ¤ªğŸ¤ªğŸ¤ªğŸ¤©ğŸ¤©ğŸ¤©ğŸ¤©,,,2023-05-01,3Ã¨me pÃ©riode
Vincent,,,,2023-05-01,3Ã¨me pÃ©riode
Vincent,Amen,,,2023-05-01,3Ã¨me pÃ©riode
Vincent,Amen,,,2023-05-01,3Ã¨me pÃ©riode
Vincent,âœ…âœ…âœ…âœ…âœ…âœ…âœ…âœ…âœ…âœ…âœ…ğŸŒ¹ğŸŒ¹ğŸŒ¹ğŸŒ¹ğŸŒ¹ğŸŒ¹ Bonsoir les gars demain Jeudi Mai cest lanniversaire de papa Svp veillons tous Ã  lui dire nos meilleurs vÅ“ux pour cet annÃ©e de plus,,,2023-05-03,3Ã¨me pÃ©riode
Elbert,ğŸ™ğŸ¾ğŸ™ğŸ¾ğŸ™ğŸ¾,,,2023-05-03,3Ã¨me pÃ©riode
Elbert,Zog je vais apporter un gÃ¢teau,,,2023-05-03,3Ã¨me pÃ©riode
Parker,,,,2023-05-03,3Ã¨me pÃ©riode
Vincent,En fait son acte de naissance est tout Ã  refaire Il ma dit quil est truffÃ© de fautes aberrantes,,,2023-05-04,3Ã¨me pÃ©riode
Vincent,Cest pas possible,,,2023-05-04,3Ã¨me pÃ©riode
Vincent,Jen ai discutÃ© avec lui,,,2023-05-04,3Ã¨me pÃ©riode
Vincent,Park je nai plus assez de forfait Ã‡a ne va pas tenir minute si je rÃ©ponds Ã  ton appel,,,2023-05-04,3Ã¨me pÃ©riode
Vincent,Bonsoir Ã  tous JespÃ¨re que vous allez bien Le programme a Ã©tÃ© modifiÃ© par le prof La soutenance aura lieu demain vendredi Mai Ã  partir de h Toutefois en cas de changement je vous aviserai Paix et grÃ¢ce chez Tous,,,2023-05-04,3Ã¨me pÃ©riode
Parker,Bulletins de eme de Dylan Svp cest urgent,,,2023-05-12,3Ã¨me pÃ©riode
Parker,Mais oÃ¹ sont les autres bulletins Et pourquoi Ã§a paraÃ®t froissÃ© on aurait dit un brouillon,,,2023-05-12,3Ã¨me pÃ©riode
Denson,Bonne nuit a tous paix et grÃ¢ce,,,2023-05-21,3Ã¨me pÃ©riode
Parker,Amen ğŸ‘ğŸ½,,,2023-05-21,3Ã¨me pÃ©riode
Parker,Amen,,,2023-05-29,3Ã¨me pÃ©riode
Parker,Bonne fÃªte de PentecÃ´te ğŸ•Šï¸ğŸ•Šï¸ğŸ•Šï¸,,,2023-05-29,3Ã¨me pÃ©riode
Denson,Merci a toi de mÃªme,,,2023-05-29,3Ã¨me pÃ©riode
Parker,opportunitiesforafricanscomunfccccapacityfellowshipprogramme,,,2023-05-30,3Ã¨me pÃ©riode
Vincent,Bonjour Ã  tous jespÃ¨re que vous allez bien Jai dÃ©couvert ceci dans la lecture dun livre de Myles Monroe Les six buts globaux de lhomme selon Dieu Visionnaire Leader Enseignant Cultivateur Fournisseur pourvoyeur Protecteur,,,2023-06-02,3Ã¨me pÃ©riode
Parker,Shalom les gars Excusez moi svp Je viens auprÃ¨s de vous pour savoir sil ya des avancÃ©es dans la rectificationactualisationmise Ã  jour des Bulletins de Seconde et Ã¨re de Dylan la DATE DE NAISSANCE etc Dautre part je voudrais savoir sil y a de avancÃ©es pour lÃ©laboration dun lACTE DE NAISSANCE pour Dylan NB NOUBLIONS PAS QUIL DOIT PASSER LE Bac cette AnnÃ©e sil a un dossier complet,,,2023-06-03,NA
Parker,Elber stp Je voudrais savoir quavezvous fait par rapport Ã  lacte de Naissance de Dylan,,,2023-07-09,NA
Elbert,Lacte de naissance est en rÃ©fection,,,2023-07-09,NA
Parker,Stp pourraistu donner plus de dÃ©tails ,,,2023-07-09,NA
Parker,Pour Elber Ce sont de bons modÃ¨les ,,,2023-07-17,NA
Denson,Style cest le meilleur,,,2023-07-17,NA
Denson,Non nous lavons pas encore fais,,,2023-07-24,NA
Elbert,ğŸ˜ğŸ˜ğŸ˜ğŸ˜ğŸ˜ğŸ˜ğŸ˜,,,2023-08-07,NA
Elbert,Elle cest ma petite sÅ“ur On se connait depuis le lycÃ©e Aujourdhui on est collÃ¨gues,,,2023-08-18,NA
Elbert,Ameeeeeeeeen Gloire Ã  Dieu je reÃ§ois Merci infinimentğŸ™ğŸ¾ğŸ™ğŸ¾ğŸ™ğŸ¾ğŸ™ğŸ¾,,,2023-08-18,NA
Parker,Urgent Urgent Urgent Stp Elber tu as connaissance de ceci La connaissance des normes IPSAS etou IFRS Usage de Logiciel en finance example ERP voir PeopleSoft ,,,2023-08-18,NA
Parker,Reponds stp,,,2023-08-18,NA
Elbert,Non non,,,2023-08-18,NA
Parker,Le quel tu connais,,,2023-08-18,NA
Elbert,Sage comptabilitÃ©,,,2023-08-18,NA
Parker,Voici un Lien sur le Logiciel PeopleSoft comwatchveFABiNDolistPLmffQHMKhhzwNlAvcEHlWvzoRlR,,,2023-08-18,NA
Parker,Stp Elber Tu ne connais pas le Logiciel SAP ERP,,,2023-08-18,NA
Elbert,Non Parker Mais je peux lapprendre,,,2023-08-18,NA
Parker,youtubeahSUBnvUc,,,2023-08-18,NA
Elbert,Jai tÃ©lÃ©chargÃ© la version en franÃ§ais,,,2023-08-18,NA
Parker,logiciel SAP ERP finance comwatchvFySEYQUTslistPLBCFhNqSzwltXewNwoAtXLAWVlPcOcr,,,2023-08-18,NA
Elbert,Envoie moi ton mail,,,2023-08-18,NA
Parker,julekirigmailcom,,,2023-08-18,NA
Elbert,gcongamagmailcom,,,2023-08-18,NA
Parker,Merci pour ce nouveau,,,2023-08-18,NA
Parker,LIS CECI Cest la Description dun Poste Actuellement Vacant au PNUD Ã  Libreville estmfaemoraclecloudcomhcmUICandidateExperienceensitesCXrequisitionsjobutmmediumreferralutmsourceimpactpool,,,2023-08-18,NA
Elbert,Non non on ne dit rien a personne,,,2023-08-18,NA
Elbert,SAP ERP,,,2023-08-18,NA
Parker,Ok,,,2023-08-18,NA
Parker,Encore dautres liens,,,2023-08-18,NA
Parker,comwatchvwcwbbZPVPZs,,,2023-08-18,NA
Parker,Formation Excel pour NOUS TOUS comwatchvaQzyynWryI,,,2023-08-18,NA
Parker,Cest une formation complet,,,2023-08-18,NA
Elbert,Jai tÃ©lÃ©chargÃ©,,,2023-08-18,NA
Parker,,,,2023-08-18,NA
Parker,,,,2023-08-18,NA
Parker,Normes IFRS comwatchvCPQZIoowEQppygULTmybWVzIElGUlMD httpswwwyoutubecomwatchvvBKRycIbosppygULTmybWVzIElGUlMD httpswwwjournaldunetfrbusinessdictionnairecomptableetfiscalifrsnormesdefinitionliste httpswwwunithequecomUploadFileDocumentPDFNOnormescomptablesinternationalesifrsextraitpdf httpswwwyoutubecomwatchvvbqKfJJgyMlistPLDTggzwbIVCHHPjuqjtOwDFscyy etc,,,2023-08-18,NA
Parker,Normes IPSAS Definition Les IPSAS sont une transposition adaptÃ©e des normes comptables internationales IAS qui sappliquent aux entreprises Ces normes IPSAS permettent une transparence financiÃ¨re et une reddition des comptes ainsi quune amÃ©lioration de la gestion financiÃ¨re des entitÃ©s publiques youtubeGuwgqNSMc httpsyoutubehmOgtVg httpsyoutubedmCZUPmJBKM httpscomwatchvQZupLWVWBppygUMbmybWVzIElQUFT httpswwwyoutubecomwatchvgEDSSfgppygUMbmybWVzIElQUFT httpswwwyoutubecomwatchvwHuTEIksppygUMbmybWVzIElQUFT httpswwwyoutubecomwatchvgRInJuNOwppygUMbmybWVzIElQUFT httpswwwifacorgflysystemazureprivatepublicationsfilesipsaspresentationdepdf ,,,2023-08-18,NA
Elbert,ReÃ§u Ã  lâ€™instant par un colonel Urgent Information SVP soyez prudent Cette semaine sera mouvementÃ©e il est demandÃ© de ne pas durer dehors car il aura beaucoup de dagression des sacrifices et autres Prenez toutes vos dispositions pour rentrer vite et prions pour la jeunesse Stp informe tes amis et partage linfo restez Ã  la maison aprÃ¨s h dÃ¨s ce jeudi pendant au moins jours Il ya des gens lourdement armÃ©s qui ont InfiltrÃ© le pays par louest et ils sont dÃ©jÃ  Ã©parpillÃ©s dans le pays DÃ¨s ce jeudi Ã  partir de h rafle gÃ©nÃ©rale dans tout le pays peu importe ta piÃ¨ce didentitÃ© Cest pas Ã  nÃ©gliger Parlez en Ã  vos proches aussi Cest le message de laumÃ´nier militaire Ã€ prendre trÃ¨s au sÃ©rieux bien chÃ¨re famille,,,2023-08-19,NA
Parker,Merci Elber,,,2023-08-19,NA
Vincent,â‡ï¸â‡ï¸â‡ï¸â‡ï¸â‡ï¸â‡ï¸â‡ï¸ğŸ›‘ğŸ›‘ğŸ›‘ğŸ›‘ğŸ›‘ğŸ›‘ğŸ›‘âš ï¸âš ï¸âš ï¸âš ï¸âš ï¸âš ï¸âš ï¸ URGENT URGENT URGENT MatÃ©riel nÃ©cessaire pour borner le terrain de Santa Clara Sac de Sable Sac de Ciment Sac de Gravier Barre de Fer Pelle Pioche Planche de coffrage MatÃ©riel dÃ©jÃ  en notre possession Deux pelles Une pioche Quelques planches de coffrage Le reste est Ã  trouver Dernier dÃ©lai aoÃ»t pour rÃ©unir tout le matÃ©riel Indication de Elbert ğŸ‘† Merci Ã  tous pour votre bonne comprÃ©hension et participation,,,2023-08-22,NA
Parker,Veny Regardes ceci careersunorglbwhomeaspxviewtypeip,,,2023-08-28,NA
Parker,Veny careersunorglbwjobdetailaspxidLangfrFR httpscareersunorglbwjobdetailaspxidLangfrFR httpscareersunorglbwjobdetailaspxidLangfrFR,,,2023-08-28,NA
Parker,Elber Voici un Nouveau Poste Vacant au PNUD ComplÃ¨te la procedure si tu es interessÃ©,,,2023-09-06,NA
Parker,estmfaemoraclecloudcomhcmUICandidateExperienceensitesCXrequisitionsjobutmmediumreferralutmsourceimpactpool,,,2023-09-06,NA
Parker,La vacance de poste fermera dans jours,,,2023-09-06,NA
Elbert,Ok Park Sans faute,,,2023-09-06,NA
Denson,ğŸ¤¦ğŸ¤¦ un soldat au Sol,,,2023-09-08,NA
Elbert,ğŸ˜‚ğŸ˜‚ğŸ˜‚ğŸ˜‚,,,2023-09-08,NA
Parker,Urgent Urgent Svp Veny et Aceda Pouvezvous menvoyer une fois de plus Une Photo de vos CNI Je voudrais envoyer de largent cest Urgent,,,2023-09-09,NA
Denson,Trop cool courage,,,2023-09-09,NA
Parker,Jai dÃ©jÃ  envoyÃ© largent Dens tu peux y aller aujourdhui comme dÃ¨s Lundi,,,2023-09-09,NA
Vincent,Bonsoir Ã  tous Vraiment Parker que Dieu vous bÃ©nisse pour ce que vous faites en GuinÃ©e,,,2023-09-09,NA
Parker,Amen,,,2023-09-11,NA
Parker,Aceda tu es dÃ©jÃ  allÃ© prendre largent ,,,2023-09-11,NA
Denson,Bonjour Park oui jai rÃ©cupÃ©rÃ©,,,2023-09-11,NA
Parker, DÃ©cÃ¨s Fiona Contribution fcfaA Remettre Ã  la Famille de Tonton Boris DÃ©cÃ¨s Tantine Mengue Contributions fcfa A Emmanuel de Adeline Dylan Lui Remettre en main propre fcfa Papa Lui Remettre en main propre fcfa Aceda fcfa pour le taxi,,,2023-09-11,NA
Denson,Ok daccord sa marche,,,2023-09-12,NA
Parker,Conseguir Atteindre lobjectif,,,2023-09-12,NA
Denson,Bonjour a tous Dylan est en classe dexamen il est sensÃ© commencer les cours le plus tÃ´t possible,,,2023-09-19,NA
Parker,Dylan est tjrs chez Patrick ou il est dÃ©jÃ  Ã  la maison ,,,2023-09-19,NA
Vincent,Bonsoir mister Parker JespÃ¨re que tu vas bien Il est toujours chez Patrick,,,2023-09-20,NA
Vincent,Vous avez supprimÃ© ce message,,,2023-09-23,NA
Elbert,Den envoie mon argent Blessing a dit que tu as largent,,,2023-09-23,NA
Elbert,Les enfants ne mentent pas,,,2023-09-23,NA
Denson,ğŸ˜‚ğŸ˜‚ğŸ˜‚,,,2023-09-23,NA
Parker,Wahoouuu Yes Cest le travail en Ã©quipe qui paie Sois bÃ©nie filstonğŸ¥³ğŸ¥³ğŸ¥³ğŸ•ºğŸ½ğŸ•ºğŸ½ğŸ•ºğŸ½ Cest vraiment inspirant,,,2023-09-25,NA
Parker,Merci pour lÃ©clairage ğŸ‘ğŸ½,,,2023-09-25,NA
Parker,Merci pour les orientations On ne se connaÃ®t plus On ne conÃ§oit pas les choses de la mÃªme faÃ§on Chacun est cambrÃ© sur sa position Divergence didÃ©es,,,2023-09-25,NA
Denson,Bonjour a tous paix et grÃ¢ce Et surtout doucement les gars Je rappelle ici que cest unis que nous sommes fort au sport on disait souvent je cite le groupe est plus fort que le plus fort du groupe que personne ne se sente frustrÃ© mais ayons des meilleurs sentiments les uns envers les autres Je vous aimes,,,2023-09-25,NA
Parker,Merci Dens Je taime aussi,,,2023-09-25,NA
Parker,,,,2023-09-28,NA
Vincent,Bonsoir les gars jespÃ¨re que vous allez bien Il ya papa qui me demande de vous informer que Jonas MÃ©po le fils de tonton Santana se marie en dÃ©cembre Il sollicite le soutien de la famille,,,2023-09-29,NA
Vincent,Bonsoir les gars Denis et Elbert on fait comment pour demain ,,,2023-10-11,NA
Denson,Oulalaaaa Elle est trÃ¨s belle,,,2023-10-13,NA
Elbert,ğŸ˜‚ğŸ˜‚ğŸ˜‚ğŸ˜‚ğŸ˜‚,,,2023-10-16,NA
Parker,Gloire Ã  Dieu ,,,2023-10-17,NA
Parker,Elle rÃ©flÃ©chit dans le Sommeil ğŸ˜ƒğŸ˜„ğŸ˜€ğŸ˜˜ğŸ¤©ğŸ˜ğŸ˜œTrop forte ğŸ‘ğŸ–•,,,2023-10-18,NA
Denson,â˜ºï¸ğŸ˜‚,,,2023-10-18,NA
Parker,Cest la prophÃ©tie qui saccomplit,,,2023-10-21,NA
Parker,Poste vacant POUR DENS TrÃ¨s bien payÃ© au moins fcfamois avec avantage de Assurance Maladie pour les enfants et la femme Si cela tâ€™intÃ©resse lon peu travailler ladessus estmfaemoraclecloudcomhcmUICandidateExperienceensitesCXrequisitionsjobutmmediumreferralutmsourceimpactpool,,,2023-11-03,NA
Parker,Para Elber ou Fanfan estmfaemoraclecloudcomhcmUICandidateExperienceensitesCXrequisitionsjobutmmediumreferralutmsourceimpactpool,,,2023-11-03,NA
Denson,Bien sÃ»r que Ã§a mintÃ©resse Park,,,2023-11-03,NA
Vincent,Bonsoir Ã  tous Merci mister Parker,,,2023-11-03,NA
Parker,Donc envoi moi le CV pour je puisse le rÃ©viser,,,2023-11-03,NA
Vincent,Jai reÃ§u un certificat de ma premiÃ¨re formation en ligne sur MOOC Introduction Ã  la statistiques avec R logiciel danalyse statistiques et de data science,,,2023-11-07,NA
Parker,Excellent Que Dieu soit louÃ© et quil continue de te bÃ©nir,,,2023-11-07,NA
Denson,FÃ©licitations Mr le statisticien,,,2023-11-07,NA
Elbert,FÃ©licitations gros Eog,,,2023-11-07,NA
Elbert,Zog,,,2023-11-07,NA
Vincent,Bonjour Ã  tous Merci beaucoup pour vos encouragements,,,2023-11-07,NA
Vincent,Vous avez supprimÃ© ce message,,,2023-11-29,NA
Vincent,Vous avez supprimÃ© ce message,,,2023-11-29,NA
Vincent,Bonsoir les gars JespÃ¨re que vous allez bien Cidessous Mon Bilan de Famille de document Et Mes Propositions Pour document Il est davantage question de notre organisation Je vous souhaite une excellente lecture Shalom,,,2023-11-29,NA
Parker,Amen,,,2023-11-30,NA
Parker,Bonjour Ã  tous,,,2023-11-30,NA
Elbert,Bonsoir Zog,,,2023-12-04,NA
Vincent,Bonsoir big,,,2023-12-04,NA
Parker,Excellent Veny Bonsoir,,,2023-12-05,NA
Vincent,Salutations respectueuses Ã  tous,,,2023-12-19,NA
Vincent,Les gars aujourdhui nous sommes le dÃ©cembre Je propose que dimanche nous fassions le bilan dactivitÃ©s de Jattends vos rÃ©actions,,,2023-12-19,NA
Vincent,Ordre du jour ğŸƒ Bilan des activitÃ©s de ğŸƒ Fixation Ã  une date ultÃ©rieure dune rÃ©union pour Ã©tablir la feuille de route Jattends vos rÃ©actions,,,2023-12-19,NA
Vincent,comshortsbZalFRjrRQosidZRDRgFvwyqewArM,,,2023-12-19,NA
Vincent,Bonjour les gars Jattends vos rÃ©actions,,,2023-12-20,NA
Vincent,Salut les gars JespÃ¨re que vous allez bien Je nai eu que Denis en appel de groupe Les gars lannÃ©e lÃ  on ne fait pas de bilan Juste savoir,,,2023-12-24,NA
Vincent,Bonsoir Ã  tous JespÃ¨re que vous allez bien trÃ¨s bien,,,2024-01-10,5Ã¨me pÃ©riode
Vincent,Alors les news ,,,2024-01-10,5Ã¨me pÃ©riode
Parker,Cest Mum qui me la envoyÃ© et a demandÃ© que je le mette dans le groupe,,,2024-01-21,5Ã¨me pÃ©riode
Denson,Bonsoir a tous comment allezvous ,,,2024-01-21,5Ã¨me pÃ©riode
Parker,Bonsoir Aceda,,,2024-01-21,5Ã¨me pÃ©riode
Vincent,Vous avez supprimÃ© ce message,,,2024-01-24,5Ã¨me pÃ©riode
Vincent,Bonsoir Ã  tous JespÃ¨re que vous allez bien Messages lus Merci Parker davoir donnÃ© ton avis sur mon message Paix et grÃ¢ce chez tous,,,2024-01-25,5Ã¨me pÃ©riode
Parker,FanfanPoste Vacant linkedincomjobssearchcurrentJobIdgeoIdkeywordsUNDPlocationLibrevilleCEstuaireCGabonoriginJOBSEARCHPAGESEARCHBUTTONrefreshtrue,,,2024-01-24,5Ã¨me pÃ©riode
Parker,Appo chp Luc v Malachie v Actes v Christ oint de Dieu Esaie JesÃºs llega v Jean Baptiste Math v Jean Baptiste es el Premier Ã‰lie Machie v LAS REGLAS INDISPENSABLES QUE NO SE DEBE HACER Mal interprÃ©ter la PAROLE Mal placer la PAROLE NE PAS DISLOQUER LA PAROLE CORTH FIN LES CHEVEUX ET VOILE,,,2024-01-28,5Ã¨me pÃ©riode
Parker,Amen,,,2024-01-28,5Ã¨me pÃ©riode
Parker,Pour Elber jobsfaoorgcareersectionfaoexternaljobdetailftljobtzGMTBAtznameAfricaFLagos,,,2024-01-30,5Ã¨me pÃ©riode
Parker,Pour Elber,,,2024-02-01,5Ã¨me pÃ©riode
Parker,jobsuniceforgenusjobfinanceofficerpgrantsmanagementunitdfambrusselsbelgium,,,2024-02-01,5Ã¨me pÃ©riode
Denson,â¤ï¸â¤ï¸â¤ï¸,,,2024-02-04,5Ã¨me pÃ©riode
Denson,Elle a grossi ğŸ˜‚ğŸ˜‚,,,2024-02-04,5Ã¨me pÃ©riode
Parker,Le Seigneur est fidÃ¨le Aceda AprÃ¨s plus de ans de maigreur et souffrance NÃ´tre Dieu a renversÃ© tout et la aujourdhui il nous a fait entrer dans sa gloire et manifeste sa grÃ¢ce infinie Jesus est FidÃ¨le,,,2024-02-04,5Ã¨me pÃ©riode
Vincent,Bonsoir Ã  tous JespÃ¨re que vous allez bien Super photos Merci mister Parker,,,2024-02-05,5Ã¨me pÃ©riode
Elbert,Amennnnnnn ,,,2024-02-06,5Ã¨me pÃ©riode
Vincent,IBM est une entreprise champion dans linformatique et est internationale,,,2024-02-10,5Ã¨me pÃ©riode
Denson,Bonjour avons nous tous Ã©coutÃ© laudio de Fanfan ,,,2024-02-12,5Ã¨me pÃ©riode
Parker,ğŸ‘ğŸ½ğŸ‘ğŸ½ğŸ‘ğŸ½ğŸ‘ğŸ½ğŸ‘ğŸ½ğŸ‘ğŸ½ğŸ‘ğŸ½ğŸ‘ğŸ½ğŸ•ºğŸ½ğŸ•ºğŸ½ğŸ’ªğŸ½ğŸ’ªğŸ½ğŸ’ªğŸ½,,,2024-02-19,5Ã¨me pÃ©riode
Vincent,Bonjour Ã  tous JespÃ¨re que vous allez bien,,,2024-02-23,5Ã¨me pÃ©riode
Vincent,Merci pour lencouragement,,,2024-02-23,5Ã¨me pÃ©riode
Vincent,Daccord reÃ§u Parker,,,2024-02-23,5Ã¨me pÃ©riode
Vincent,Oboussa,,,2024-02-26,5Ã¨me pÃ©riode
Parker,Message de Elbert Quand pensonsnous Que chacun donne son opinion,,,2024-03-14,5Ã¨me pÃ©riode
Vincent,Bonsoir Ã  tous JespÃ¨re que vous allez bien Je trouve ton analyse sage En ce qui me concerne jopte pour ta proposition,,,2024-03-16,5Ã¨me pÃ©riode
Vincent,credlycombadgesfecedacfcacwhatsapp,,,2024-03-27,5Ã¨me pÃ©riode
Vincent,Jai terminÃ© un autre cours Salutation Ã  vous,,,2024-03-27,5Ã¨me pÃ©riode
Parker,Excellent ğŸ‘ğŸ½ğŸ‘ğŸ½ğŸ‘ğŸ½ğŸ‘ğŸ½,,,2024-03-27,5Ã¨me pÃ©riode
Vincent,Bonsoir Ã  tous JespÃ¨re que vous allez bien Merci beaucoup Parker Bien de choses Ã  nous tous et Ã  la famille toute entiÃ¨re,,,2024-03-28,5Ã¨me pÃ©riode
Elbert,ğŸ˜ğŸ˜ğŸ˜ğŸ˜ğŸ˜ğŸ˜ğŸ™ğŸ¾,,,2024-04-02,5Ã¨me pÃ©riode
Elbert,Jarrive Je vais les faroter MalğŸ˜ğŸ¤¦ğŸ¾â€â™‚ï¸ğŸ˜ğŸ¤¦ğŸ¾â€â™‚ï¸,,,2024-04-02,5Ã¨me pÃ©riode
Elbert,ğŸ˜ğŸ˜ğŸ˜ğŸ˜,,,2024-04-02,5Ã¨me pÃ©riode
Parker,Business de Taxi youtubedttaCNVIg,,,2024-04-04,5Ã¨me pÃ©riode
Parker, Taxis avec depot mensuel xafTaxi CA Mensuel exempt de Salaire du Taximan et Recharge du Carburant â€¬xaf Soit en mois CA Annuel â€¬ x XAF Pour Taxis en circulation â€¬ XAFAN Pour Taxis en circulation â€¬XAFAN Pour Taxis en Circulation XAFAN Pour Taxis en Circulation XAFAN etc NB A cela on peut juste enlever un de frais tentretien chaque mois Filtres Huile etc soit a xaf trimestre XAFAN Comme je vous lai tjrs dit cest un Business Rentable surtout en Famille NB Ã‡A CEST EN COTE DIVOIRE AU GABON CEST BCP PLUS RENTABLE Ce message a Ã©tÃ© modifiÃ©,,,2024-04-04,5Ã¨me pÃ©riode
Denson,Cest vraiment rentable,,,2024-04-04,5Ã¨me pÃ©riode
Parker,Ã‡A CEST EN COTE DIVOIRE AU GABON CEST BCP PLUS RENTABLE,,,2024-04-07,5Ã¨me pÃ©riode
Parker,,,,2024-04-07,5Ã¨me pÃ©riode
Parker,Poste Vaccant CDI a lOMS Tres Bonne OpportunitÃ© pour ACEDA Date de cloture Mardi Avril AVANTAGES POUR CANDIDATE SELLECTIONNÃ‰ EmployÃ© Ã  vie des Nations Unies Periode dessai de ans Salaire minimum xafmois Augmentation Salariale chaque AnnÃ©e Assurance Maladie pour Toi et toute la famille Paie pour chaque enfant xafmoi soit xaf additionnel pour nos enfants Lien pour postuler careerswhointcareersectionexjobdetailftljobtzGMTBAutmmediumreferralutmsourceimpactpool,,,2024-04-07,5Ã¨me pÃ©riode
Parker,,,,2024-04-09,5Ã¨me pÃ©riode
Denson,Il sagit de quoi Park,,,2024-04-19,5Ã¨me pÃ©riode
Parker,Cest lordonnance,,,2024-04-19,5Ã¨me pÃ©riode
Parker,Stp Veny va a la,,,2024-04-19,5Ã¨me pÃ©riode
Vincent,Bonsoir Ã  tous JespÃ¨re que vous allez bien OK Parker,,,2024-04-19,5Ã¨me pÃ©riode
Elbert,Ils sont trÃ¨s beaux ğŸ˜ğŸ˜ğŸ˜,,,2024-04-21,5Ã¨me pÃ©riode
Vincent,Le tout fait xaf Hormis le premier,,,2024-04-21,5Ã¨me pÃ©riode
Autres,vmtiktokcomZMMqgNqY,,,2024-04-23,5Ã¨me pÃ©riode
Parker,Shalom a tous et excellente journee Pour ELBER et Veny estmfaemoraclecloudcomhcmUICandidateExperienceensitesCXjobutmmediumjobshare,,,2024-04-29,5Ã¨me pÃ©riode
Parker,Salaire Minimum Mensuel en XAF au moins Annuel ,,,2024-04-29,5Ã¨me pÃ©riode
Parker,Il sagit du Salaire net,,,2024-04-29,5Ã¨me pÃ©riode
Vincent,Vous avez supprimÃ© ce message,,,2024-04-29,5Ã¨me pÃ©riode
Vincent,Mes chers aÃ®nÃ©s recevez respectueusement mes sincÃ¨res salutations,,,2024-04-29,5Ã¨me pÃ©riode
Vincent,Merci Parker pour tes efforts Que Dieu te le rende au miluple,,,2024-04-29,5Ã¨me pÃ©riode
Vincent,Je suis libre mercredi pour une sÃ©ance de travail Heure toute la journÃ©e,,,2024-04-29,5Ã¨me pÃ©riode
Autres,Bjr Ã  tous Svp Je vous invite Ã  une rÃ©union ce soir Ã  h Cest trÃ¨s important NB Il ne sagit de Poste Je nous demande a tous de faire un effort pour offrir un peu de temps Ã  un sujet de la Famille trÃ¨s Urgent ğŸ™ğŸ½ Que Dieu nous BÃ©nisse Shalom ,,,2024-04-30,5Ã¨me pÃ©riode
Vincent,Bonjour cordial Ã  tous Bien reÃ§u Ã€ h En attendant portezvous bien,,,2024-04-30,5Ã¨me pÃ©riode
Parker,Amen,,,2024-04-30,5Ã¨me pÃ©riode
Vincent,Les gars je suis encore Ã  lÃ©glise Et ma batterie est Ã  Je fini le culte Ã  h Au cas oÃ¹ jaurai un lÃ©ger retard mon Phone sera en charge,,,2024-04-30,5Ã¨me pÃ©riode
Vincent,,,,2024-04-30,5Ã¨me pÃ©riode
Vincent,,,,2024-04-30,5Ã¨me pÃ©riode
Vincent,,,,2024-04-30,5Ã¨me pÃ©riode
Vincent,,,,2024-04-30,5Ã¨me pÃ©riode
Autres,Slalom Ã  tous,,,2024-04-30,5Ã¨me pÃ©riode
Autres,Vraiment dÃ©solÃ© pour le retard,,,2024-04-30,5Ã¨me pÃ©riode
Autres,Un imprevu,,,2024-04-30,5Ã¨me pÃ©riode
Parker,Familiale,,,2024-04-30,5Ã¨me pÃ©riode
Autres,,,,2024-04-30,5Ã¨me pÃ©riode
Autres,,,,2024-04-30,5Ã¨me pÃ©riode
Vincent,,,,2024-04-30,5Ã¨me pÃ©riode
Vincent,,,,2024-04-30,5Ã¨me pÃ©riode
Vincent,AllÃ´ les gars,,,2024-04-30,5Ã¨me pÃ©riode
Vincent,,,,2024-04-30,5Ã¨me pÃ©riode
Vincent,,,,2024-04-30,5Ã¨me pÃ©riode
Elbert,Hello,,,2024-04-30,5Ã¨me pÃ©riode
Vincent,Connecte toi Ã  lappel,,,2024-04-30,5Ã¨me pÃ©riode
Elbert,Jessaie mais rien,,,2024-04-30,5Ã¨me pÃ©riode
Vincent,Je suis disponible Ã  travailler,,,2024-04-30,5Ã¨me pÃ©riode
Vincent,,,,2024-04-30,5Ã¨me pÃ©riode
Denson,DÃ©solÃ© mon phone sest arrÃªtÃ© manque de charge,,,2024-05-01,5Ã¨me pÃ©riode
Vincent,Ok,,,2024-05-01,5Ã¨me pÃ©riode
Parker,Cest pas grave,,,2024-05-01,5Ã¨me pÃ©riode
Parker,Bonne fÃªte de Travail Ã  tous,,,2024-05-01,5Ã¨me pÃ©riode
Parker,Merci,,,2024-05-01,5Ã¨me pÃ©riode
Vincent,Bonsoir les gars Merci Denson,,,2024-05-03,5Ã¨me pÃ©riode
